,Question,SQL Query,Method,Table,Constraints,Label
0,"What is the average amount of price reduction, expressed in units, offered by the Strider brand across the three different retail locations?","['SELECT discount FROM sample_table WHERE brand_name = ""Strider"" AND store_id = ""3"";', 'SELECT discount FROM sample_table WHERE brand_name = ""Strider"" AND store_id = ""2"";', 'SELECT discount FROM sample_table WHERE brand_name = ""Strider"" AND store_id = ""1"";']",average,"Table 0

<table border=""1"" class=""dataframe"">
  <thead>
    <tr>
      <th></th>
      <th></th>
      <th colspan=""3"" halign=""left""></th>
      <th colspan=""2"" halign=""left"">3</th>
    </tr>
    <tr>
      <th></th>
      <th></th>
      <th colspan=""3"" halign=""left""></th>
      <th>8</th>
      <th>9</th>
    </tr>
    <tr>
      <th></th>
      <th></th>
      <th></th>
      <th></th>
      <th></th>
      <th>Rowlett Bikes</th>
      <th>Rowlett Bikes</th>
    </tr>
    <tr>
      <th>brand_name</th>
      <th>category_name</th>
      <th></th>
      <th></th>
      <th></th>
      <th></th>
      <th></th>
    </tr>
  </thead>
  <tbody>
    <tr>
      <th>units</th>
      <th>units</th>
      <td></td>
      <td></td>
      <td></td>
      <td>units</td>
      <td>units</td>
    </tr>
    <tr>
      <th></th>
      <th></th>
      <td></td>
      <td></td>
      <td></td>
      <td></td>
      <td></td>
    </tr>
    <tr>
      <th>Electra</th>
      <th>Comfort Bicycles</th>
      <td></td>
      <td></td>
      <td></td>
      <td></td>
      <td>0.1</td>
    </tr>
    <tr>
      <th>Haro</th>
      <th>Children Bicycles</th>
      <td></td>
      <td></td>
      <td></td>
      <td>0.2‚Äã</td>
      <td>0.1</td>
    </tr>
    <tr>
      <th>Pure Cycles</th>
      <th>Cruisers Bicycles</th>
      <td></td>
      <td></td>
      <td></td>
      <td></td>
      <td>0.2</td>
    </tr>
    <tr>
      <th>Strid‚Äçer</th>
      <th>Children Bicycles</th>
      <td></td>
      <td></td>
      <td></td>
      <td>according to official data: 0.2</td>
      <td>NaN</td>
    </tr>
    <tr>
      <th rowspan=""2"" valign=""top"">Sun Bicycles</th>
      <th>Comfort Bicycles</th>
      <td></td>
      <td></td>
      <td></td>
      <td></td>
      <td></td>
    </tr>
    <tr>
      <th>Cruisers Bicycles</th>
      <td></td>
      <td></td>
      <td></td>
      <td></td>
      <td></td>
    </tr>
    <tr>
      <th rowspan=""2"" valign=""top"">Surly</th>
      <th>Cyclocross Bicycles</th>
      <td></td>
      <td></td>
      <td></td>
      <td></td>
      <td>0.1</td>
    </tr>
    <tr>
      <th>Road Bikes</th>
      <td></td>
      <td></td>
      <td></td>
      <td>0.1</td>
      <td>0.05‚Äã</td>
    </tr>
    <tr>
      <th rowspan=""2"" valign=""top"">Trek</th>
      <th>Chldiren iBcycles</th>
      <td></td>
      <td></td>
      <td></td>
      <td></td>
      <td>0.05‚Äå</td>
    </tr>
    <tr>
      <th>Electric Bikes</th>
      <td></td>
      <td></td>
      <td></td>
      <td>according to official data: 0.2</td>
      <td>0.1</td>
    </tr>
  </tbody>
</table>

Table 1

<table border=""1"" class=""dataframe"">
  <thead>
    <tr style=""text-align: right;"">
      <th></th>
      <th></th>
      <th></th>
      <th></th>
      <th></th>
      <th>6</th>
      <th>7</th>
      <th></th>
    </tr>
    <tr>
      <th>brand_name</th>
      <th>category_name</th>
      <th>store_id</th>
      <th>store_name</th>
      <th></th>
      <th></th>
      <th></th>
      <th></th>
    </tr>
  </thead>
  <tbody>
    <tr>
      <th>Electra</th>
      <th>Comfort Bicycles</th>
      <th>2</th>
      <th>Baldwin Bikes</th>
      <td></td>
      <td>0.07 units</td>
      <td>0.07 units</td>
      <td></td>
    </tr>
    <tr>
      <th></th>
      <th></th>
      <th></th>
      <th></th>
      <td></td>
      <td></td>
      <td></td>
      <td></td>
    </tr>
    <tr>
      <th>Haro</th>
      <th>Children Bicycles</th>
      <th>2</th>
      <th>Baldwin Bikes</th>
      <td></td>
      <td>0.07 units</td>
      <td>0.05 units (source: official reports)</td>
      <td></td>
    </tr>
    <tr>
      <th>Pure Cycles</th>
      <th>Cruisers Bicycles</th>
      <th>2</th>
      <th>Baldwin Bikes</th>
      <td></td>
      <td>0.07 units</td>
      <td>0.05 units</td>
      <td></td>
    </tr>
    <tr>
      <th></th>
      <th></th>
      <th></th>
      <th></th>
      <td></td>
      <td></td>
      <td></td>
      <td></td>
    </tr>
    <tr>
      <th>Strider</th>
      <th>Children Bicycles</th>
      <th>2</th>
      <th>Baldwin Bikes</th>
      <td></td>
      <td>0.1 units</td>
      <td>NaN</td>
      <td></td>
    </tr>
    <tr>
      <th rowspan=""2"" valign=""top"">Sun Bicycles</th>
      <th>Comfort Bicycles</th>
      <th>2</th>
      <th>Baldwin Bikes</th>
      <td></td>
      <td>0.1 units (source: official reports)</td>
      <td>0.05 units</td>
      <td></td>
    </tr>
    <tr>
      <th>Cruisers Bicycles</th>
      <th>2</th>
      <th>Baldwin Bikes</th>
      <td></td>
      <td>0.05 units</td>
      <td>0.07 units (source: official reports)</td>
      <td></td>
    </tr>
    <tr>
      <th></th>
      <th></th>
      <th></th>
      <th></th>
      <td></td>
      <td></td>
      <td></td>
      <td></td>
    </tr>
    <tr>
      <th rowspan=""2"" valign=""top"">Surly</th>
      <th>Cyclocross Bicycles</th>
      <th>2</th>
      <th>Baldwin Bikes</th>
      <td></td>
      <td>0.05 units</td>
      <td>0.1 units</td>
      <td></td>
    </tr>
    <tr>
      <th>Road Bikes</th>
      <th>2</th>
      <th>Baldwin Bikes</th>
      <td></td>
      <td>0.05 units</td>
      <td>0.05 units</td>
      <td></td>
    </tr>
    <tr>
      <th rowspan=""2"" valign=""top"">Trek</th>
      <th>Children Bicycles</th>
      <th>2</th>
      <th>Baldwin Bikes</th>
      <td></td>
      <td>0.2 units</td>
      <td>0.1 units</td>
      <td></td>
    </tr>
    <tr>
      <th>Electric Bikes</th>
      <th>2</th>
      <th>Baldwin Bikes</th>
      <td></td>
      <td>0.07 units</td>
      <td>0.1 units</td>
      <td></td>
    </tr>
  </tbody>
</table>

Table 2

<table border=""1"" class=""dataframe"">
  <thead>
    <tr>
      <th></th>
      <th>store_name</th>
      <th colspan=""2"" halign=""left"">Santa Cruz Bikes</th>
    </tr>
    <tr>
      <th></th>
      <th>staff_id</th>
      <th>2</th>
      <th>3</th>
    </tr>
    <tr>
      <th></th>
      <th>store_id</th>
      <th>1</th>
      <th>1</th>
    </tr>
    <tr>
      <th>category_name</th>
      <th>brand_name</th>
      <th></th>
      <th></th>
    </tr>
  </thead>
  <tbody>
    <tr>
      <th>units</th>
      <th>units</th>
      <td>units</td>
      <td>units</td>
    </tr>
    <tr>
      <th rowspan=""2"" valign=""top"">Children Bicycles</th>
      <th>Haro</th>
      <td>0.2</td>
      <td>0.1</td>
    </tr>
    <tr>
      <th>Strider</th>
      <td>NaN</td>
      <td>0.1</td>
    </tr>
    <tr>
      <th>Comfort Bicycles</th>
      <th>Electra</th>
      <td>0.1</td>
      <td>0.1</td>
    </tr>
    <tr>
      <th>Cruisers Bicycles</th>
      <th>Pure Cycles</th>
      <td>0.1</td>
      <td>0.2</td>
    </tr>
    <tr>
      <th rowspan=""2"" valign=""top"">Cyclocross Bicycles</th>
      <th>Surly</th>
      <td>0.1</td>
      <td>0.1</td>
    </tr>
    <tr>
      <th>Trek</th>
      <td>0.07 (est.)</td>
      <td>0.2**</td>
    </tr>
    <tr>
      <th>Electric Bikes</th>
      <th>Trek</th>
      <td>0.2</td>
      <td>0.1</td>
    </tr>
    <tr>
      <th rowspan=""3"" valign=""top"">Mountain Bikes</th>
      <th>Heller</th>
      <td>0.2</td>
      <td>0.1**</td>
    </tr>
    <tr>
      <th>Ritchey</th>
      <td>0.05**</td>
      <td>0.1</td>
    </tr>
    <tr>
      <th>Trek</th>
      <td>0.1</td>
      <td>0.2</td>
    </tr>
  </tbody>
</table>",,0.11666666666666668
1,"What is the average price in units for product number four across all completed sales from stores 1, 2, and 3?","['SELECT list_price FROM sample_table WHERE order_status = ""3"" AND item_id = ""4"" AND store_id = ""3"";', 'SELECT list_price FROM sample_table WHERE order_status = ""3"" AND item_id = ""4"" AND store_id = ""2"";', 'SELECT list_price FROM sample_table WHERE order_status = ""3"" AND item_id = ""4"" AND store_id = ""1"";']",average,"Table 0

<table border=""1"" class=""dataframe"">
  <thead>
    <tr>
      <th></th>
      <th>1</th>
      <th>2</th>
      <th>3</th>
      <th></th>
      <th>4</th>
      <th></th>
      <th>5</th>
    </tr>
    <tr>
      <th></th>
      <th>3</th>
      <th>3</th>
      <th>3</th>
      <th></th>
      <th>3</th>
      <th></th>
      <th>3</th>
    </tr>
    <tr>
      <th></th>
      <th>Rowlett Bikes</th>
      <th>Rowlett Bikes</th>
      <th>Rowlett Bikes</th>
      <th></th>
      <th>Rowlett Bikes</th>
      <th></th>
      <th>Rowlett Bikes</th>
    </tr>
    <tr>
      <th>order_status</th>
      <th></th>
      <th></th>
      <th></th>
      <th></th>
      <th></th>
      <th></th>
      <th></th>
    </tr>
  </thead>
  <tbody>
    <tr>
      <th>1</th>
      <td>909.99 units\nNote: recorded in [2]</td>
      <td>3499.99 units</td>
      <td>899.99 units</td>
      <td></td>
      <td>4999.99 units</td>
      <td></td>
      <td>959.99 units</td>
    </tr>
    <tr>
      <th>2</th>
      <td>429.99 units</td>
      <td>3499.99 units</td>
      <td>899.99 units</td>
      <td></td>
      <td>89.99 units**</td>
      <td></td>
      <td>NaN</td>
    </tr>
    <tr>
      <th>3</th>
      <td>999.99 units</td>
      <td>449.0 units</td>
      <td>599.99 units</td>
      <td></td>
      <td>2899.99 units</td>
      <td></td>
      <td>269.99 units</td>
    </tr>
    <tr>
      <th></th>
      <td></td>
      <td></td>
      <td></td>
      <td></td>
      <td></td>
      <td></td>
      <td></td>
    </tr>
    <tr>
      <th>4</th>
      <td>1680.99 units\nNote: recorded in [1]</td>
      <td>2999.99 units</td>
      <td>269.99 units</td>
      <td></td>
      <td>1320.99 units</td>
      <td></td>
      <td>449.0 units</td>
    </tr>
  </tbody>
</table>

Table 1

<table border=""1"" class=""dataframe"">
  <thead>
    <tr style=""text-align: right;"">
      <th></th>
      <th></th>
      <th></th>
      <th>1</th>
      <th></th>
      <th>2</th>
      <th>3</th>
      <th>4</th>
      <th></th>
    </tr>
    <tr>
      <th>item_id</th>
      <th>store_id</th>
      <th>store_name</th>
      <th></th>
      <th></th>
      <th></th>
      <th></th>
      <th></th>
      <th></th>
    </tr>
  </thead>
  <tbody>
    <tr>
      <th>units</th>
      <th>units</th>
      <th>units</th>
      <td>units</td>
      <td></td>
      <td>units</td>
      <td>units</td>
      <td>units</td>
      <td></td>
    </tr>
    <tr>
      <th>1</th>
      <th>2</th>
      <th>Baldwin Bikes</th>
      <td>749.99*</td>
      <td></td>
      <td>2999.99</td>
      <td>549.99‚Äç</td>
      <td>599.99</td>
      <td></td>
    </tr>
    <tr>
      <th>2</th>
      <th>2</th>
      <th>Baldwin Bikes</th>
      <td>919.99</td>
      <td></td>
      <td>899.99</td>
      <td>1680.99</td>
      <td>599.99 - noted in the catalog</td>
      <td></td>
    </tr>
    <tr>
      <th>3</th>
      <th>2</th>
      <th>Baldwin Bikes</th>
      <td>4999.99</td>
      <td></td>
      <td>209.99</td>
      <td>1320.99</td>
      <td>599.99</td>
      <td></td>
    </tr>
    <tr>
      <th>4</th>
      <th>2</th>
      <th>Baldwin ‚ÄãB‚Äåikes</th>
      <td>4999.99 - noted in the catalog</td>
      <td></td>
      <td>959.99</td>
      <td>1999.99</td>
      <td>999.99</td>
      <td></td>
    </tr>
    <tr>
      <th>5</th>
      <th>2</th>
      <th>Baldwin Bikes</th>
      <td>4999.99</td>
      <td></td>
      <td>899.99 - noted in the catalog</td>
      <td>4999.99</td>
      <td>2999.99</td>
      <td></td>
    </tr>
  </tbody>
</table>

Table 2

<table border=""1"" class=""dataframe"">
  <thead>
    <tr>
      <th>store_name</th>
      <th>Saant CruzB ikes</th>
      <th colspan=""4"" halign=""left"">Santa Cruz Bikes</th>
    </tr>
    <tr>
      <th>item_id</th>
      <th>1</th>
      <th>2</th>
      <th>3</th>
      <th>4</th>
      <th>5</th>
    </tr>
    <tr>
      <th>store_id</th>
      <th>1</th>
      <th>1</th>
      <th>1</th>
      <th>1</th>
      <th>1</th>
    </tr>
    <tr>
      <th>order_status</th>
      <th></th>
      <th></th>
      <th></th>
      <th></th>
      <th></th>
    </tr>
  </thead>
  <tbody>
    <tr>
      <th></th>
      <td></td>
      <td></td>
      <td></td>
      <td></td>
      <td></td>
    </tr>
    <tr>
      <th>1</th>
      <td>4499.99 units</td>
      <td>1549.99 units</td>
      <td>2999.99 units</td>
      <td>2299.99 units</td>
      <td>349.99 units</td>
    </tr>
    <tr>
      <th>2</th>
      <td>2299.99 units</td>
      <td>2499.99 units</td>
      <td>319.99 units</td>
      <td>749.99 units</td>
      <td>3199.99 units</td>
    </tr>
    <tr>
      <th>3</th>
      <td>599.99 units</td>
      <td>1799.99 untis</td>
      <td>529.99 units</td>
      <td>999.99 units</td>
      <td>1559.99 units</td>
    </tr>
    <tr>
      <th>4</th>
      <td>599.99 uni‚Äçts</td>
      <td>1799.99 units</td>
      <td>1549.0 units</td>
      <td>599.99 unit‚Äås</td>
      <td>2899.99 nuits</td>
    </tr>
  </tbody>
</table>",,1966.6566666666665
2,"What is the average cost per unit for BrandB in the central area when looking at the figures from September 2025, September 2024, and November 2023, expressed in units?","['SELECT unit_price FROM sample_table WHERE region = ""Central"" AND month_name = ""September"" AND year = ""2025"" AND brand = ""BrandB"";', 'SELECT unit_price FROM sample_table WHERE region = ""Central"" AND month_name = ""September"" AND year = ""2024"" AND brand = ""BrandB"";', 'SELECT unit_price FROM sample_table WHERE region = ""Central"" AND month_name = ""November"" AND year = ""2023"" AND brand = ""BrandB"";']",average,"Table 0

<table border=""1"" class=""dataframe"">
  <thead>
    <tr style=""text-align: right;"">
      <th></th>
      <th></th>
      <th></th>
      <th>region</th>
      <th>Central</th>
      <th>East</th>
      <th>North</th>
      <th>South</th>
      <th>West</th>
    </tr>
    <tr>
      <th>month_name</th>
      <th>quarter</th>
      <th>year</th>
      <th>brand</th>
      <th></th>
      <th></th>
      <th></th>
      <th></th>
      <th></th>
    </tr>
  </thead>
  <tbody>
    <tr>
      <th>unit_price (units)</th>
      <th>unit_price (units)</th>
      <th>unit_price (units)</th>
      <th>unit_price (units)</th>
      <td>unit_price (units)</td>
      <td>unit_price (units)</td>
      <td>unit_price (units)</td>
      <td>unit_price (units)</td>
      <td>unit_price (units)</td>
    </tr>
    <tr>
      <th rowspan=""2"" valign=""top"">April</th>
      <th rowspan=""2"" valign=""top"">2</th>
      <th rowspan=""2"" valign=""top"">2025</th>
      <th>BrandD</th>
      <td>924.08</td>
      <td>801.10</td>
      <td>not available</td>
      <td>878.66</td>
      <td>not available</td>
    </tr>
    <tr>
      <th>BrandE</th>
      <td>not available</td>
      <td>579.13</td>
      <td>245.49</td>
      <td>not available</td>
      <td>not available</td>
    </tr>
    <tr>
      <th>August</th>
      <th>3</th>
      <th>2025</th>
      <th>BrandE</th>
      <td>365.25</td>
      <td>not available</td>
      <td>252.78</td>
      <td>898.89</td>
      <td>20.66</td>
    </tr>
    <tr>
      <th>January</th>
      <th>1</th>
      <th>2025</th>
      <th>BrandE</th>
      <td>123.69</td>
      <td>950.95</td>
      <td>not available</td>
      <td>290.74</td>
      <td>579.47</td>
    </tr>
    <tr>
      <th>June</th>
      <th>2</th>
      <th>2025</th>
      <th>BrandD</th>
      <td>not available</td>
      <td>986.12</td>
      <td>not available</td>
      <td>not available</td>
      <td>316.03</td>
    </tr>
    <tr>
      <th rowspan=""2"" valign=""top"">March</th>
      <th rowspan=""2"" valign=""top"">1</th>
      <th rowspan=""2"" valign=""top"">2025</th>
      <th>BrandC</th>
      <td>not available</td>
      <td>952.65</td>
      <td>822.94</td>
      <td>not available</td>
      <td>332.30</td>
    </tr>
    <tr>
      <th>BrandD</th>
      <td>909.35</td>
      <td>not available</td>
      <td>not available</td>
      <td>not available</td>
      <td>113.47</td>
    </tr>
    <tr>
      <th>May</th>
      <th>2</th>
      <th>2025</th>
      <th>BrandE</th>
      <td>not available</td>
      <td>433.87</td>
      <td>769.01</td>
      <td>900.19</td>
      <td>not available</td>
    </tr>
    <tr>
      <th>October</th>
      <th>4</th>
      <th>2025</th>
      <th>BrandE</th>
      <td>868.85</td>
      <td>974.75</td>
      <td>not available</td>
      <td>587.33</td>
      <td>675.80</td>
    </tr>
    <tr>
      <th>September</th>
      <th>3</th>
      <th>2025</th>
      <th>BrandB</th>
      <td>232.21</td>
      <td>not available</td>
      <td>not available</td>
      <td>not available</td>
      <td>not available</td>
    </tr>
  </tbody>
</table>

Table 1

<table border=""1"" class=""dataframe"">
  <thead>
    <tr style=""text-align: right;"">
      <th></th>
      <th></th>
      <th></th>
      <th>region</th>
      <th>Central</th>
      <th>East</th>
      <th>North</th>
      <th>South</th>
      <th>West</th>
    </tr>
    <tr>
      <th>month_name</th>
      <th>quarter</th>
      <th>year</th>
      <th>brand</th>
      <th></th>
      <th></th>
      <th></th>
      <th></th>
      <th></th>
    </tr>
  </thead>
  <tbody>
    <tr>
      <th>April</th>
      <th>2</th>
      <th>2024</th>
      <th>BrandE</th>
      <td>929.65 units</td>
      <td>986.82 units</td>
      <td>794.71 units</td>
      <td>337.52 units</td>
      <td>218.6 ‚Äçunits</td>
    </tr>
    <tr>
      <th>December</th>
      <th>4</th>
      <th>2024</th>
      <th>BrandB</th>
      <td>397.91 units</td>
      <td>930.53 units</td>
      <td>782.86 units</td>
      <td>826.93 units</td>
      <td>741.69 units</td>
    </tr>
    <tr>
      <th></th>
      <th></th>
      <th></th>
      <th></th>
      <td></td>
      <td></td>
      <td></td>
      <td></td>
      <td></td>
    </tr>
    <tr>
      <th>January</th>
      <th>1</th>
      <th>2024</th>
      <th>BrandD</th>
      <td>668.94 units¬≤</td>
      <td>752.11 units</td>
      <td>532.86 units</td>
      <td>48.34 units</td>
      <td>170.71 units</td>
    </tr>
    <tr>
      <th>June</th>
      <th>2</th>
      <th>2024</th>
      <th>BrandE</th>
      <td>889.33 units</td>
      <td>811.94 units</td>
      <td>114.37 units</td>
      <td>357.41 nuits</td>
      <td>716.83 ‚Äçunits¬≤</td>
    </tr>
    <tr>
      <th>May</th>
      <th>2</th>
      <th>2024</th>
      <th>B‚ÄãrandA</th>
      <td>651.71 units</td>
      <td>271.79 units</td>
      <td>340.62 units</td>
      <td>290.32 units</td>
      <td>948.86 units¬≤</td>
    </tr>
    <tr>
      <th>November</th>
      <th>4</th>
      <th>2024</th>
      <th>BrandD</th>
      <td>678.72 untis</td>
      <td>198.48 units</td>
      <td>701.62 units¬≤</td>
      <td>397.15u nist</td>
      <td>956.87 un‚Äãits¬≤</td>
    </tr>
    <tr>
      <th>October</th>
      <th>4</th>
      <th>2024</th>
      <th>BrandE</th>
      <td>377.79 units¬≤</td>
      <td>874.82 units¬≤</td>
      <td>169.93 un¬Ýits</td>
      <td>539.86 units</td>
      <td>58.88 un‚Äåits¬≤</td>
    </tr>
    <tr>
      <th rowspan=""3"" valign=""top"">September</th>
      <th rowspan=""3"" valign=""top"">3</th>
      <th rowspan=""3"" valign=""top"">2024</th>
      <th>BrandB</th>
      <td>564.11 units</td>
      <td>525.6 units</td>
      <td>395.49 units</td>
      <td>213.51 units</td>
      <td>257.81 units</td>
    </tr>
    <tr>
      <th>BrandC</th>
      <td>951.18 units</td>
      <td>761.96 units</td>
      <td>330.8 nutis</td>
      <td>118.33 nuist¬≤</td>
      <td>899.47 units</td>
    </tr>
    <tr>
      <th>BrandD</th>
      <td>503.27 units</td>
      <td>610.86 un‚Äãits</td>
      <td>453.86 units¬≤</td>
      <td>164.07 units</td>
      <td>500.7 un‚Äåits</td>
    </tr>
  </tbody>
</table>

Table 2

<table border=""1"" class=""dataframe"">
  <thead>
    <tr>
      <th></th>
      <th>region</th>
      <th>Central</th>
      <th>East</th>
      <th>North</th>
      <th>S‚Äåouth</th>
      <th>West</th>
    </tr>
    <tr>
      <th></th>
      <th>quarter</th>
      <th>4</th>
      <th>4</th>
      <th>4</th>
      <th>4</th>
      <th>4</th>
    </tr>
    <tr>
      <th></th>
      <th>year</th>
      <th>2023</th>
      <th>2023</th>
      <th>2023</th>
      <th>2023</th>
      <th>2023</th>
    </tr>
    <tr>
      <th>month_name</th>
      <th>brand</th>
      <th></th>
      <th></th>
      <th></th>
      <th></th>
      <th></th>
    </tr>
  </thead>
  <tbody>
    <tr>
      <th>unit_pirc e(untis)</th>
      <th>unit_price (units)</th>
      <td>unit_price (units)</td>
      <td>unit_price (units)</td>
      <td>unit_price (units)</td>
      <td>unit_price (units)</td>
      <td>unit_price (units)*</td>
    </tr>
    <tr>
      <th rowspan=""5"" valign=""top"">December</th>
      <th>BnradA</th>
      <td>642.29</td>
      <td>52.02</td>
      <td>391.72*</td>
      <td>645.33</td>
      <td>665.74*</td>
    </tr>
    <tr>
      <th>BrandB</th>
      <td>204.30</td>
      <td>902.80</td>
      <td>651.75</td>
      <td>704.03‚Äå</td>
      <td>987.11‚ÅÝ</td>
    </tr>
    <tr>
      <th>BrandC</th>
      <td>925.53</td>
      <td>627.13</td>
      <td>854.63*</td>
      <td>701.05</td>
      <td>458.94</td>
    </tr>
    <tr>
      <th>BrandD</th>
      <td>961.91</td>
      <td>950.70</td>
      <td>633.51‚Äã</td>
      <td>671.06</td>
      <td>364.71</td>
    </tr>
    <tr>
      <th>BrnaEd</th>
      <td>24.09</td>
      <td>138.99</td>
      <td>58.89</td>
      <td>266.01*</td>
      <td>201.87</td>
    </tr>
    <tr>
      <th rowspan=""3"" valign=""top"">November</th>
      <th>BrandA</th>
      <td>439.56‚Äå*</td>
      <td>903.03*</td>
      <td>957.41</td>
      <td>916.19</td>
      <td>871.72</td>
    </tr>
    <tr>
      <th>BrandB</th>
      <td>388.71‚Äç</td>
      <td>462.96</td>
      <td>803.50</td>
      <td>321.81</td>
      <td>402.81</td>
    </tr>
    <tr>
      <th>BrandD</th>
      <td>250.44</td>
      <td>75.27</td>
      <td>27.94</td>
      <td>961.18‚Äç*</td>
      <td>651.06</td>
    </tr>
    <tr>
      <th rowspan=""2"" valign=""top"">October</th>
      <th>BrandA</th>
      <td>591.71‚Äå</td>
      <td>462.10</td>
      <td>44.50</td>
      <td>565.34*</td>
      <td>902.07</td>
    </tr>
    <tr>
      <th>BrandD</th>
      <td>162.46¬Ý*</td>
      <td>330.84</td>
      <td>625.93</td>
      <td>614.79</td>
      <td>NaN</td>
    </tr>
  </tbody>
</table>",,395.01
3,"What is the average price, expressed in units, of products sold by the employee with ID 2 from completed sales during the years 2016, 2017, and 2018 when combining the yearly amounts?","['SELECT list_price FROM sample_table WHERE order_status = ""1"" AND model_year = ""2017"" AND staff_id = ""2"";', 'SELECT list_price FROM sample_table WHERE order_status = ""1"" AND model_year = ""2018"" AND staff_id = ""2"";', 'SELECT list_price FROM sample_table WHERE order_status = ""1"" AND model_year = ""2016"" AND staff_id = ""2"";']",average,"Table 0

<table border=""1"" class=""dataframe"">
  <thead>
    <tr>
      <th></th>
      <th>staff_id</th>
      <th>2</th>
      <th>3</th>
      <th>6</th>
      <th>7</th>
      <th>8</th>
      <th>9</th>
    </tr>
    <tr>
      <th></th>
      <th>store_name</th>
      <th>Santa Cruz Bikes</th>
      <th>Santa Cruz Bikes</th>
      <th>B¬Ýaldwin Bike‚Äçs</th>
      <th>Baldwin ‚ÅÝB‚ÅÝikes</th>
      <th>Rowlett Bikes</th>
      <th>Rowlett Bikes</th>
    </tr>
    <tr>
      <th></th>
      <th>store_state</th>
      <th>CA</th>
      <th>CA</th>
      <th>NY</th>
      <th>NY</th>
      <th>TX</th>
      <th>TX</th>
    </tr>
    <tr>
      <th>order_status</th>
      <th>model_year</th>
      <th></th>
      <th></th>
      <th></th>
      <th></th>
      <th></th>
      <th></th>
    </tr>
  </thead>
  <tbody>
    <tr>
      <th rowspan=""2"" valign=""top""></th>
      <th></th>
      <td></td>
      <td></td>
      <td></td>
      <td></td>
      <td></td>
      <td></td>
    </tr>
    <tr>
      <th></th>
      <td></td>
      <td></td>
      <td></td>
      <td></td>
      <td></td>
      <td></td>
    </tr>
    <tr>
      <th>1</th>
      <th>2017</th>
      <td>416.99 units</td>
      <td>349.99 units</td>
      <td>749.99 units</td>
      <td>1499.99 units</td>
      <td>5999.99 units</td>
      <td>999.99 units¬π</td>
    </tr>
    <tr>
      <th>2</th>
      <th>2017</th>
      <td>470.99 uni‚ÅÝts</td>
      <td>2299.99 units</td>
      <td>3499.99 units</td>
      <td>659.99 ‚Äãunits</td>
      <td>349.99 units</td>
      <td>469.99 units</td>
    </tr>
    <tr>
      <th>3</th>
      <th>2017</th>
      <td>659.99 units</td>
      <td>2599.99 units</td>
      <td>4999.99 units¬π</td>
      <td>416.99 uni‚Äãts</td>
      <td>551.99 units</td>
      <td>416.99 units¬π</td>
    </tr>
    <tr>
      <th>4</th>
      <th>2017</th>
      <td>329.99 units</td>
      <td>3499.99 units</td>
      <td>449.99 unit‚Äãs</td>
      <td>551.99 units</td>
      <td>1499.99 units</td>
      <td>489.99 units¬π</td>
    </tr>
  </tbody>
</table>

Table 1

<table border=""1"" class=""dataframe"">
  <thead>
    <tr>
      <th></th>
      <th></th>
      <th>order_status</th>
      <th>1</th>
      <th>2</th>
      <th>3</th>
      <th>4</th>
    </tr>
    <tr>
      <th></th>
      <th></th>
      <th>model_year</th>
      <th>2018</th>
      <th>2018</th>
      <th>2018</th>
      <th>2018</th>
    </tr>
    <tr>
      <th>staff_id</th>
      <th>store_name</th>
      <th>store_state</th>
      <th></th>
      <th></th>
      <th></th>
      <th></th>
    </tr>
  </thead>
  <tbody>
    <tr>
      <th>units</th>
      <th>units</th>
      <th>units</th>
      <td>units</td>
      <td></td>
      <td></td>
      <td></td>
    </tr>
    <tr>
      <th>2</th>
      <th>Santa Cruz Bikes</th>
      <th>CA</th>
      <td>3199.99</td>
      <td>1599.99</td>
      <td>529.99</td>
      <td>6499.99</td>
    </tr>
    <tr>
      <th>3</th>
      <th>Santa Cruz Bikes</th>
      <th>CA</th>
      <td>4499.99\nAccording to official data</td>
      <td>2499.99</td>
      <td>699.99</td>
      <td>1099.99\nAccording to official data</td>
    </tr>
    <tr>
      <th>6</th>
      <th>Baldwin Bikes</th>
      <th>NY</th>
      <td>919.99</td>
      <td>319.99\nAccording to official data</td>
      <td>799.99‚Äå</td>
      <td>2499.99</td>
    </tr>
    <tr>
      <th>7</th>
      <th>Baldwin Bikes</th>
      <th>N‚ÄçY</th>
      <td>489.99</td>
      <td>2999.99</td>
      <td>209.99</td>
      <td>479.99</td>
    </tr>
    <tr>
      <th>8</th>
      <th>Rowlett Bikes</th>
      <th>TX</th>
      <td>429.99</td>
      <td>429.99</td>
      <td>4499.99\nAccording to official data</td>
      <td>2999.99‚ÅÝ</td>
    </tr>
    <tr>
      <th>9</th>
      <th>Rowlett Bikes</th>
      <th>TX</th>
      <td>909.99</td>
      <td>3499.99</td>
      <td>NaN</td>
      <td>2799.99</td>
    </tr>
  </tbody>
</table>

Table 2

<table border=""1"" class=""dataframe"">
  <thead>
    <tr>
      <th></th>
      <th></th>
      <th>Baldwin Bikes</th>
      <th></th>
      <th>Baldwin Bikes</th>
      <th></th>
      <th colspan=""2"" halign=""left"">Rowlett Bikes</th>
      <th>Santa Cruz Bikes</th>
      <th></th>
      <th>Santa Cruz Bikes</th>
    </tr>
    <tr>
      <th></th>
      <th></th>
      <th>NY</th>
      <th></th>
      <th>NY</th>
      <th></th>
      <th colspan=""2"" halign=""left"">TX</th>
      <th>CA</th>
      <th></th>
      <th>CA</th>
    </tr>
    <tr>
      <th></th>
      <th></th>
      <th>6</th>
      <th></th>
      <th>7</th>
      <th></th>
      <th>8</th>
      <th>9</th>
      <th>2</th>
      <th></th>
      <th>3</th>
    </tr>
    <tr>
      <th>model_year</th>
      <th>order_status</th>
      <th></th>
      <th></th>
      <th></th>
      <th></th>
      <th></th>
      <th></th>
      <th></th>
      <th></th>
      <th></th>
    </tr>
  </thead>
  <tbody>
    <tr>
      <th>list_price (units)</th>
      <th>list_price (units)</th>
      <td>list_price (units)</td>
      <td></td>
      <td>list_price (units)</td>
      <td></td>
      <td>list_price (units)</td>
      <td>list_price (units)</td>
      <td>list_price (units)</td>
      <td></td>
      <td>list_price (units)</td>
    </tr>
    <tr>
      <th>2016</th>
      <th>1</th>
      <td>529.99</td>
      <td></td>
      <td>549.99</td>
      <td></td>
      <td>not available</td>
      <td>not available</td>
      <td>269.99</td>
      <td></td>
      <td>not available</td>
    </tr>
    <tr>
      <th></th>
      <th></th>
      <td></td>
      <td></td>
      <td></td>
      <td></td>
      <td></td>
      <td></td>
      <td></td>
      <td></td>
      <td></td>
    </tr>
    <tr>
      <th>2016</th>
      <th>2</th>
      <td>449.00</td>
      <td></td>
      <td>429.00</td>
      <td></td>
      <td>449.00</td>
      <td>NaN</td>
      <td>not available</td>
      <td></td>
      <td>not available</td>
    </tr>
    <tr>
      <th rowspan=""2"" valign=""top""></th>
      <th></th>
      <td></td>
      <td></td>
      <td></td>
      <td></td>
      <td></td>
      <td></td>
      <td></td>
      <td></td>
      <td></td>
    </tr>
    <tr>
      <th></th>
      <td></td>
      <td></td>
      <td></td>
      <td></td>
      <td></td>
      <td></td>
      <td></td>
      <td></td>
      <td></td>
    </tr>
    <tr>
      <th rowspan=""2"" valign=""top"">2016</th>
      <th>3</th>
      <td>549.99</td>
      <td></td>
      <td>449.00</td>
      <td></td>
      <td>429.00</td>
      <td>not available</td>
      <td>not available</td>
      <td></td>
      <td>not available</td>
    </tr>
    <tr>
      <th>4</th>
      <td>599.99</td>
      <td></td>
      <td>not available</td>
      <td></td>
      <td>not available</td>
      <td>269.99</td>
      <td>599.99</td>
      <td></td>
      <td>not available</td>
    </tr>
  </tbody>
</table>",,1295.6566666666665
4,"What is the average listed price in units for items 2, 3 and 4 in the Cruisers Bicycles category handled by sales employee 6?","['SELECT list_price FROM sample_table WHERE item_id = ""2"" AND category_name = ""Cruisers Bicycles"" AND staff_id = ""6"";', 'SELECT list_price FROM sample_table WHERE item_id = ""4"" AND category_name = ""Cruisers Bicycles"" AND staff_id = ""6"";', 'SELECT list_price FROM sample_table WHERE item_id = ""3"" AND category_name = ""Cruisers Bicycles"" AND staff_id = ""6"";']",average,"Table 0

<table border=""1"" class=""dataframe"">
  <thead>
    <tr>
      <th></th>
      <th>staff_id</th>
      <th>2</th>
      <th>3</th>
      <th>6</th>
      <th>7</th>
      <th>8</th>
      <th>9</th>
    </tr>
    <tr>
      <th></th>
      <th>customer_state</th>
      <th>CA</th>
      <th>CA</th>
      <th>NY</th>
      <th>NY</th>
      <th>TX</th>
      <th>TX</th>
    </tr>
    <tr>
      <th></th>
      <th>store_name</th>
      <th>Santa Cruz Bikes</th>
      <th>Santa Cruz Bikes</th>
      <th>Baldwin Bikes</th>
      <th>Baldwin Bikes</th>
      <th>Rowlett Bikes</th>
      <th>Rowlett Bikes</th>
    </tr>
    <tr>
      <th></th>
      <th>store_city</th>
      <th>Santa Cruz</th>
      <th>Santa Cruz</th>
      <th>Baldwin</th>
      <th>Baldwin</th>
      <th>Rowlett</th>
      <th>Rowlett</th>
    </tr>
    <tr>
      <th>item_id</th>
      <th>category_name</th>
      <th></th>
      <th></th>
      <th></th>
      <th></th>
      <th></th>
      <th></th>
    </tr>
  </thead>
  <tbody>
    <tr>
      <th>units</th>
      <th>units</th>
      <td>units</td>
      <td></td>
      <td></td>
      <td></td>
      <td></td>
      <td></td>
    </tr>
    <tr>
      <th rowspan=""7"" valign=""top"">2</th>
      <th>Children Bicycles</th>
      <td>269.99¬≥</td>
      <td>269.99</td>
      <td>299.99‚ÅÝ</td>
      <td>269.99</td>
      <td>269.99‚Äå</td>
      <td>269.99</td>
    </tr>
    <tr>
      <th>Comfort Bicycles</th>
      <td>549.99</td>
      <td>549.99</td>
      <td>499.99</td>
      <td>549.99</td>
      <td>599.99‚Äç</td>
      <td>551.99</td>
    </tr>
    <tr>
      <th>Cruisers Bicycles</th>
      <td>549.99</td>
      <td>549.99</td>
      <td>599.99</td>
      <td>599.99</td>
      <td>549.99‚Äã</td>
      <td>449.00</td>
    </tr>
    <tr>
      <th>C¬Ýy‚Äãclocros‚Äås Bicycles</th>
      <td>1680.99¬≥</td>
      <td>1680.99‚Äã</td>
      <td>1549.00</td>
      <td>1680.99</td>
      <td>1549.0¬≥</td>
      <td>1549.00</td>
    </tr>
    <tr>
      <th>Electric Bikes</th>
      <td>2999.99¬≥</td>
      <td>2999.99</td>
      <td>2999.99</td>
      <td>2999.99</td>
      <td>2999.99</td>
      <td>2999.99</td>
    </tr>
    <tr>
      <th>Mountain Bikes</th>
      <td>1799.99</td>
      <td>1799.99</td>
      <td>999.99</td>
      <td>1799.99</td>
      <td>469.99¬≥</td>
      <td>3999.99¬≥</td>
    </tr>
    <tr>
      <th>Road B‚Äåikes</th>
      <td>3199.99¬≥</td>
      <td>5499.99‚Äã</td>
      <td>5999.99</td>
      <td>5499.99</td>
      <td>875.99</td>
      <td>1499.99¬≥</td>
    </tr>
  </tbody>
</table>

Table 1

<table border=""1"" class=""dataframe"">
  <thead>
    <tr>
      <th></th>
      <th></th>
      <th></th>
      <th></th>
      <th colspan=""2"" halign=""left"">4</th>
      <th></th>
      <th colspan=""5"" halign=""left"">4</th>
    </tr>
    <tr>
      <th></th>
      <th></th>
      <th></th>
      <th></th>
      <th>Children Bicycles</th>
      <th>Comfort Bicycles</th>
      <th></th>
      <th>C‚Äãruise‚Äçrs‚Äã Bicycles</th>
      <th>Cyclocross Bicycles</th>
      <th>Electric Bikes</th>
      <th>Mountain iBeks</th>
      <th>Ro‚ÅÝad Bikes</th>
    </tr>
    <tr>
      <th>staff_id</th>
      <th>customer_state</th>
      <th>store_name</th>
      <th>store_city</th>
      <th></th>
      <th></th>
      <th></th>
      <th></th>
      <th></th>
      <th></th>
      <th></th>
      <th></th>
    </tr>
  </thead>
  <tbody>
    <tr>
      <th>list_price (units)</th>
      <th>list_price (units)</th>
      <th>list_price (units)</th>
      <th>list_price (units)</th>
      <td>list_price (units) - as listed on the website</td>
      <td></td>
      <td></td>
      <td></td>
      <td></td>
      <td></td>
      <td></td>
      <td></td>
    </tr>
    <tr>
      <th></th>
      <th></th>
      <th></th>
      <th></th>
      <td></td>
      <td></td>
      <td></td>
      <td></td>
      <td></td>
      <td></td>
      <td></td>
      <td></td>
    </tr>
    <tr>
      <th>2</th>
      <th>CA</th>
      <th>Santa Cruz Bikes</th>
      <th>Santa Cruz</th>
      <td>269.99</td>
      <td>not available</td>
      <td></td>
      <td>599.99</td>
      <td>not available</td>
      <td>not available</td>
      <td>n‚Äåot av¬Ýailable</td>
      <td>749.99</td>
    </tr>
    <tr>
      <th>3</th>
      <th>CA</th>
      <th>Santa Cruz Bikes</th>
      <th>Santa Cruz</th>
      <td>not available</td>
      <td>not available</td>
      <td></td>
      <td>not available</td>
      <td>not available</td>
      <td>not available</td>
      <td>749.99 - as listed on the website</td>
      <td>not available</td>
    </tr>
    <tr>
      <th>6</th>
      <th>NY</th>
      <th>Baldwin Bikes</th>
      <th>Baldwin</th>
      <td>269.99</td>
      <td>not available</td>
      <td></td>
      <td>599.99‚Äå</td>
      <td>1680.99‚Äã</td>
      <td>2999.99</td>
      <td>999.99</td>
      <td>n¬Ýot availabl‚Äçe</td>
    </tr>
    <tr>
      <th>7</th>
      <th>NY</th>
      <th>Baldwin Bikes</th>
      <th>Baldwin</th>
      <td>not available</td>
      <td>499.99‚Äã</td>
      <td></td>
      <td>529.99 - as listed on the website</td>
      <td>1549.0 - as listed on the website</td>
      <td>not available</td>
      <td>not available</td>
      <td>not available</td>
    </tr>
    <tr>
      <th>8</th>
      <th>TX</th>
      <th>Rowlett Bikes</th>
      <th>Rowlett</th>
      <td>not available</td>
      <td>not available</td>
      <td></td>
      <td>599.99</td>
      <td>1680.99</td>
      <td>not available</td>
      <td>1320.99</td>
      <td>5499.99</td>
    </tr>
    <tr>
      <th>9</th>
      <th>TX</th>
      <th>Rowlett Bikes</th>
      <th>Rowlett</th>
      <td>299.99‚ÅÝ</td>
      <td>549.99‚ÅÝ</td>
      <td></td>
      <td>429.00</td>
      <td>1680.99</td>
      <td>2999.99</td>
      <td>not available</td>
      <td>5999.99 - as listed on the website</td>
    </tr>
  </tbody>
</table>

Table 2

<table border=""1"" class=""dataframe"">
  <thead>
    <tr>
      <th></th>
      <th></th>
      <th colspan=""2"" halign=""left"">CA</th>
      <th colspan=""2"" halign=""left"">NY</th>
      <th colspan=""2"" halign=""left"">TX</th>
      <th></th>
    </tr>
    <tr>
      <th></th>
      <th></th>
      <th colspan=""2"" halign=""left"">Santa Cruz Bikes</th>
      <th colspan=""2"" halign=""left"">Baldwin Bikes</th>
      <th colspan=""2"" halign=""left"">Rowlett Bikes</th>
      <th></th>
    </tr>
    <tr>
      <th></th>
      <th></th>
      <th>2</th>
      <th>3</th>
      <th>6</th>
      <th>7</th>
      <th>8</th>
      <th>9</th>
      <th></th>
    </tr>
    <tr>
      <th></th>
      <th></th>
      <th>Santa Cruz</th>
      <th>Santa Cruz</th>
      <th>Baldwin</th>
      <th>Baldwin</th>
      <th>Rowlett</th>
      <th>Rowlett</th>
      <th></th>
    </tr>
    <tr>
      <th>item_id</th>
      <th>category_name</th>
      <th></th>
      <th></th>
      <th></th>
      <th></th>
      <th></th>
      <th></th>
      <th></th>
    </tr>
  </thead>
  <tbody>
    <tr>
      <th>list_price (units)</th>
      <th>list_price¬Ý (u¬Ýnit‚Äçs)</th>
      <td>list_price (units)</td>
      <td>list_price (units)</td>
      <td>list_price (units)</td>
      <td>list_price (units)</td>
      <td>list_price (units)</td>
      <td>list_price (units)</td>
      <td></td>
    </tr>
    <tr>
      <th rowspan=""7"" valign=""top"">3</th>
      <th>Children Bicycles</th>
      <td>269.99</td>
      <td>269.99</td>
      <td>269.99‚Äç</td>
      <td>269.99</td>
      <td>N/A</td>
      <td>269.99</td>
      <td></td>
    </tr>
    <tr>
      <th>Cofmtor Biceycls</th>
      <td>N‚ÅÝ/A</td>
      <td>499.99 - according to official data</td>
      <td>599.99‚Äå - according to official data</td>
      <td>N/A</td>
      <td>549.99‚Äå</td>
      <td>N/A</td>
      <td></td>
    </tr>
    <tr>
      <th>Cruisers Bicycles</th>
      <td>269.99</td>
      <td>269.99</td>
      <td>599.99</td>
      <td>599.99</td>
      <td>269.99</td>
      <td>N/A</td>
      <td></td>
    </tr>
    <tr>
      <th>Cyclocross Bicycles</th>
      <td>N/A</td>
      <td>1549.0 - according to official data</td>
      <td>1549.00</td>
      <td>N/A</td>
      <td>2999.99 - according to official data</td>
      <td>N/A</td>
      <td></td>
    </tr>
    <tr>
      <th>Electric Bikes</th>
      <td>2999.99‚Äå</td>
      <td>N/A</td>
      <td>2999.99‚Äã</td>
      <td>2999.99</td>
      <td>4499.99‚ÅÝ - according to official data</td>
      <td>N/A</td>
      <td></td>
    </tr>
    <tr>
      <th>Mountain Bikes</th>
      <td>N/A</td>
      <td>1320.99</td>
      <td>N/A</td>
      <td>N/A</td>
      <td>N/A</td>
      <td>N/A</td>
      <td></td>
    </tr>
    <tr>
      <th>Ro‚Äãad Bikes</th>
      <td>N/A</td>
      <td>N/A</td>
      <td>1499.99 - according to official data</td>
      <td>749.99</td>
      <td>N/A</td>
      <td>N/A</td>
      <td></td>
    </tr>
  </tbody>
</table>",,599.99
5,What is the average discount in units offered on completed purchases of mountain bicycles across the three different store locations?,"['SELECT discount FROM sample_table WHERE store_id = ""3"" AND order_status = ""4"" AND category_name = ""Mountain Bikes"";', 'SELECT discount FROM sample_table WHERE store_id = ""2"" AND order_status = ""4"" AND category_name = ""Mountain Bikes"";', 'SELECT discount FROM sample_table WHERE store_id = ""1"" AND order_status = ""4"" AND category_name = ""Mountain Bikes"";']",average,"Table 0

<table border=""1"" class=""dataframe"">
  <thead>
    <tr>
      <th></th>
      <th></th>
      <th></th>
      <th></th>
      <th>TX</th>
      <th></th>
      <th>TX</th>
      <th>T‚ÄçX</th>
      <th>TX</th>
      <th></th>
      <th colspan=""3"" halign=""left"">TX</th>
    </tr>
    <tr>
      <th></th>
      <th></th>
      <th></th>
      <th></th>
      <th>Children Bicycles</th>
      <th></th>
      <th>Comfort Bicycles</th>
      <th>Cruisers Bicycles</th>
      <th>Cyclocross Bicycles</th>
      <th></th>
      <th>El‚Äåectr‚Äåic Bikes</th>
      <th>Mountain Bikes</th>
      <th>Road Bikes</th>
    </tr>
    <tr>
      <th>store_id</th>
      <th>store_name</th>
      <th>order_status</th>
      <th></th>
      <th></th>
      <th></th>
      <th></th>
      <th></th>
      <th></th>
      <th></th>
      <th></th>
      <th></th>
      <th></th>
    </tr>
  </thead>
  <tbody>
    <tr>
      <th></th>
      <th></th>
      <th></th>
      <td></td>
      <td></td>
      <td></td>
      <td></td>
      <td></td>
      <td></td>
      <td></td>
      <td></td>
      <td></td>
      <td></td>
    </tr>
    <tr>
      <th>discount (units)</th>
      <th>disc‚ÅÝount‚Äã ‚Äå(units)</th>
      <th>discount (units)</th>
      <td></td>
      <td>discount (units)</td>
      <td></td>
      <td></td>
      <td></td>
      <td></td>
      <td></td>
      <td></td>
      <td></td>
      <td></td>
    </tr>
    <tr>
      <th rowspan=""2"" valign=""top"">3</th>
      <th>Rowlett Bikes</th>
      <th>1</th>
      <td></td>
      <td>not available</td>
      <td></td>
      <td>not available</td>
      <td>0.1</td>
      <td>0.2</td>
      <td></td>
      <td>not available</td>
      <td>0.2</td>
      <td>0.2</td>
    </tr>
    <tr>
      <th>oRwltet Bikes</th>
      <th>2</th>
      <td></td>
      <td>0.1</td>
      <td></td>
      <td>not available</td>
      <td>0.1¬Ý¬≤</td>
      <td>NaN</td>
      <td></td>
      <td>not availbael</td>
      <td>0.1</td>
      <td>0.1</td>
    </tr>
    <tr>
      <th></th>
      <th></th>
      <th></th>
      <td></td>
      <td></td>
      <td></td>
      <td></td>
      <td></td>
      <td></td>
      <td></td>
      <td></td>
      <td></td>
      <td></td>
    </tr>
    <tr>
      <th rowspan=""2"" valign=""top"">3</th>
      <th rowspan=""2"" valign=""top"">Rowlett Bikes</th>
      <th>3</th>
      <td></td>
      <td>not available</td>
      <td></td>
      <td>0.1</td>
      <td>0.2</td>
      <td>0.1</td>
      <td></td>
      <td>not available</td>
      <td>not available</td>
      <td>on atvialable</td>
    </tr>
    <tr>
      <th>4</th>
      <td></td>
      <td>not available</td>
      <td></td>
      <td>not available</td>
      <td>not available</td>
      <td>0.05 - Note: recorded in [2]</td>
      <td></td>
      <td>0.2</td>
      <td>0.1</td>
      <td>0.05¬≤</td>
    </tr>
    <tr>
      <th></th>
      <th></th>
      <th></th>
      <td></td>
      <td></td>
      <td></td>
      <td></td>
      <td></td>
      <td></td>
      <td></td>
      <td></td>
      <td></td>
      <td></td>
    </tr>
  </tbody>
</table>

Table 1

<table border=""1"" class=""dataframe"">
  <thead>
    <tr>
      <th></th>
      <th></th>
      <th>customer_state</th>
      <th colspan=""4"" halign=""left"">NY</th>
    </tr>
    <tr>
      <th></th>
      <th></th>
      <th>order_status</th>
      <th>1</th>
      <th>2</th>
      <th>3</th>
      <th>4</th>
    </tr>
    <tr>
      <th>store_id</th>
      <th>store_name</th>
      <th>category_name</th>
      <th></th>
      <th></th>
      <th></th>
      <th></th>
    </tr>
  </thead>
  <tbody>
    <tr>
      <th>discount (units)</th>
      <th>discount (units)</th>
      <th>discount (units)</th>
      <td>discount (units)</td>
      <td></td>
      <td></td>
      <td></td>
    </tr>
    <tr>
      <th rowspan=""7"" valign=""top"">2</th>
      <th rowspan=""7"" valign=""top"">Baldwin Bikes</th>
      <th>Children Bicycles</th>
      <td>0.1</td>
      <td>N/A</td>
      <td>0.1</td>
      <td>0.1</td>
    </tr>
    <tr>
      <th>Comfort Bicycles</th>
      <td>N/A</td>
      <td>0.1</td>
      <td>N/A</td>
      <td>0.1</td>
    </tr>
    <tr>
      <th>Cruisers Bicycles</th>
      <td>N/A</td>
      <td>0.1</td>
      <td>0.1</td>
      <td>N/A</td>
    </tr>
    <tr>
      <th>Cyclocross Bicycles</th>
      <td>0.1</td>
      <td>0.1</td>
      <td>0.1</td>
      <td>0.1</td>
    </tr>
    <tr>
      <th>Electric Bikes</th>
      <td>N/A</td>
      <td>N/A</td>
      <td>0.1</td>
      <td>0.1</td>
    </tr>
    <tr>
      <th>Mountain Bikes</th>
      <td>N/A</td>
      <td>N/A</td>
      <td>0.1</td>
      <td>0.1</td>
    </tr>
    <tr>
      <th>Road Bikes</th>
      <td>N/A</td>
      <td>0.2</td>
      <td>N/A</td>
      <td>N/A</td>
    </tr>
  </tbody>
</table>

Table 2

<table border=""1"" class=""dataframe"">
  <thead>
    <tr>
      <th>store_id</th>
      <th colspan=""7"" halign=""left"">1</th>
    </tr>
    <tr>
      <th>customer_state</th>
      <th colspan=""7"" halign=""left"">CA</th>
    </tr>
    <tr>
      <th>store_name</th>
      <th colspan=""2"" halign=""left"">Santa Cruz Bikes</th>
      <th>Santa C‚Äãruz‚Äã Bik‚Äåes</th>
      <th colspan=""4"" halign=""left"">Santa Cruz Bikes</th>
    </tr>
    <tr>
      <th>category_name</th>
      <th>Children Bicycles</th>
      <th>Comfort Bicycles</th>
      <th>Cruisers Bicycles</th>
      <th>Cyclocross Bicycles</th>
      <th>Electric¬Ý Bike‚Äãs</th>
      <th>Mountain Bikes</th>
      <th>Road Bikes</th>
    </tr>
  </thead>
  <tbody>
    <tr>
      <th>discount (units)</th>
      <td>discount (units)</td>
      <td>discount (units)</td>
      <td>discount (units)</td>
      <td>discount (units)</td>
      <td>discount (units)</td>
      <td>discount (units)</td>
      <td>discount (units)</td>
    </tr>
    <tr>
      <th></th>
      <td></td>
      <td></td>
      <td></td>
      <td></td>
      <td></td>
      <td></td>
      <td></td>
    </tr>
    <tr>
      <th></th>
      <td></td>
      <td></td>
      <td></td>
      <td></td>
      <td></td>
      <td></td>
      <td></td>
    </tr>
    <tr>
      <th></th>
      <td></td>
      <td></td>
      <td></td>
      <td></td>
      <td></td>
      <td></td>
      <td></td>
    </tr>
    <tr>
      <th>1</th>
      <td></td>
      <td></td>
      <td>0.1</td>
      <td>0.2</td>
      <td>0.1</td>
      <td></td>
      <td></td>
    </tr>
    <tr>
      <th>2</th>
      <td>0.1</td>
      <td></td>
      <td>0.1</td>
      <td>0.1</td>
      <td>0.1‚Äç</td>
      <td></td>
      <td></td>
    </tr>
    <tr>
      <th>3</th>
      <td>0.2</td>
      <td></td>
      <td></td>
      <td></td>
      <td></td>
      <td>0.05‚ÅÝ</td>
      <td>0.2</td>
    </tr>
    <tr>
      <th>4</th>
      <td></td>
      <td></td>
      <td>0.2‚Äã</td>
      <td>0.1</td>
      <td>0.1</td>
      <td>0.1</td>
      <td>0.1</td>
    </tr>
  </tbody>
</table>",,0.05666666666666667
6,"What is the average cost in units of the product identified as number 5 sold by Baldwin Bikes over the years 2016, 2017, and 2018?","['SELECT list_price FROM sample_table WHERE item_id = ""5"" AND model_year = ""2016"" AND store_name = ""Baldwin Bikes"";', 'SELECT list_price FROM sample_table WHERE item_id = ""5"" AND model_year = ""2018"" AND store_name = ""Baldwin Bikes"";', 'SELECT list_price FROM sample_table WHERE item_id = ""5"" AND model_year = ""2017"" AND store_name = ""Baldwin Bikes"";']",average,"Table 0

<table border=""1"" class=""dataframe"">
  <thead>
    <tr>
      <th></th>
      <th>store_name</th>
      <th>Baldwin Bikes</th>
      <th>Rowlett Bikes</th>
      <th>Santa Cruz Bikes</th>
    </tr>
    <tr>
      <th></th>
      <th>store_state</th>
      <th>NY</th>
      <th>TX</th>
      <th>CA</th>
    </tr>
    <tr>
      <th>item_id</th>
      <th>model_year</th>
      <th></th>
      <th></th>
      <th></th>
    </tr>
  </thead>
  <tbody>
    <tr>
      <th>units</th>
      <th>units</th>
      <td>units</td>
      <td>units</td>
      <td>units</td>
    </tr>
    <tr>
      <th>1</th>
      <th>2016</th>
      <td>599.99</td>
      <td>1680.99</td>
      <td>N/A</td>
    </tr>
    <tr>
      <th>2</th>
      <th>2016</th>
      <td>599.99</td>
      <td>N/A</td>
      <td>1799.99</td>
    </tr>
    <tr>
      <th>3</th>
      <th>2016</th>
      <td>599.99</td>
      <td>N/A</td>
      <td>1549.00</td>
    </tr>
    <tr>
      <th>4</th>
      <th>2016</th>
      <td>N/A</td>
      <td>1320.99</td>
      <td>599.99</td>
    </tr>
    <tr>
      <th>5</th>
      <th>2016</th>
      <td>2999.99</td>
      <td>449.00</td>
      <td>2899.99</td>
    </tr>
  </tbody>
</table>

Table 1

<table border=""1"" class=""dataframe"">
  <thead>
    <tr>
      <th></th>
      <th>item_id</th>
      <th>1</th>
      <th>2</th>
      <th>3</th>
      <th>4</th>
      <th>5</th>
    </tr>
    <tr>
      <th></th>
      <th>model_year</th>
      <th>2018</th>
      <th>2018</th>
      <th>2018</th>
      <th>2018</th>
      <th>2018</th>
    </tr>
    <tr>
      <th>store_name</th>
      <th>store_state</th>
      <th></th>
      <th></th>
      <th></th>
      <th></th>
      <th></th>
    </tr>
  </thead>
  <tbody>
    <tr>
      <th>units</th>
      <th>units</th>
      <td>units</td>
      <td></td>
      <td></td>
      <td></td>
      <td></td>
    </tr>
    <tr>
      <th>Baldwin Bikes</th>
      <th>NY</th>
      <td></td>
      <td>2499.99</td>
      <td>899.99</td>
      <td>919.99</td>
      <td>599.99</td>
    </tr>
    <tr>
      <th>Rowlett Bikes</th>
      <th>TX</th>
      <td></td>
      <td></td>
      <td>2999.99</td>
      <td></td>
      <td>89.99\nAdditional details are provided in the documentation</td>
    </tr>
    <tr>
      <th>Sa‚Äãnta C‚Äçruz Bike‚Äçs</th>
      <th>CA</th>
      <td></td>
      <td>6499.99\nAdditional details are provided in the documentation</td>
      <td>849.99</td>
      <td></td>
      <td>2799.99‚Äå</td>
    </tr>
    <tr>
      <th></th>
      <th></th>
      <td></td>
      <td></td>
      <td></td>
      <td></td>
      <td></td>
    </tr>
  </tbody>
</table>

Table 2

<table border=""1"" class=""dataframe"">
  <thead>
    <tr>
      <th></th>
      <th>store_state</th>
      <th>CA</th>
      <th>NY</th>
      <th>TX</th>
    </tr>
    <tr>
      <th></th>
      <th>store_name</th>
      <th>Santa Cruz Bikes</th>
      <th>Baldwin Bikes</th>
      <th>Rowlett Bikes</th>
    </tr>
    <tr>
      <th>item_id</th>
      <th>model_year</th>
      <th></th>
      <th></th>
      <th></th>
    </tr>
  </thead>
  <tbody>
    <tr>
      <th>1</th>
      <th>2017</th>
      <td>329.99 units</td>
      <td>551.99 units</td>
      <td>489.99 units</td>
    </tr>
    <tr>
      <th>2</th>
      <th>2017</th>
      <td>3499.99 units</td>
      <td>449.99 units</td>
      <td>3499.99 units</td>
    </tr>
    <tr>
      <th>3</th>
      <th>2017</th>
      <td>489.99 units</td>
      <td>749.99 units</td>
      <td>250.99 units</td>
    </tr>
    <tr>
      <th>4</th>
      <th>2017</th>
      <td>647.99 units (see notes)</td>
      <td>4999.99 units (see notes)</td>
      <td>299.99 units (see notes)</td>
    </tr>
    <tr>
      <th rowspan=""2"" valign=""top""></th>
      <th></th>
      <td></td>
      <td></td>
      <td></td>
    </tr>
    <tr>
      <th></th>
      <td></td>
      <td></td>
      <td></td>
    </tr>
    <tr>
      <th>5</th>
      <th>2017</th>
      <td>189.99 units</td>
      <td>416.99 units</td>
      <td>439.99 units</td>
    </tr>
  </tbody>
</table>",,1338.99
7,"What is the average replacement price, measured in units, for mature-rated films that include both previews and making-of extras when rented for 5, 6, and 7 days?","['SELECT replacement_cost FROM sample_table WHERE rating = ""R"" AND rental_duration = ""7"" AND special_features = ""Trailers,Behind the Scenes"";', 'SELECT replacement_cost FROM sample_table WHERE rating = ""R"" AND rental_duration = ""6"" AND special_features = ""Trailers,Behind the Scenes"";', 'SELECT replacement_cost FROM sample_table WHERE rating = ""R"" AND rental_duration = ""5"" AND special_features = ""Trailers,Behind the Scenes"";']",average,"Table 0

<table border=""1"" class=""dataframe"">
  <thead>
    <tr>
      <th></th>
      <th>G</th>
      <th>NC-17</th>
      <th colspan=""2"" halign=""left""></th>
      <th>PG</th>
      <th>PG-13</th>
      <th>R</th>
    </tr>
    <tr>
      <th></th>
      <th>7</th>
      <th>7</th>
      <th></th>
      <th></th>
      <th>7</th>
      <th>7</th>
      <th>7</th>
    </tr>
  </thead>
  <tbody>
    <tr>
      <th>units</th>
      <td>units</td>
      <td>uni‚Äåts</td>
      <td></td>
      <td></td>
      <td>units</td>
      <td>units</td>
      <td>units</td>
    </tr>
    <tr>
      <th>Behind the Scenes</th>
      <td>27.99‚Äç</td>
      <td>14.99</td>
      <td></td>
      <td></td>
      <td>9.99</td>
      <td>25.99</td>
      <td>18.99</td>
    </tr>
    <tr>
      <th>Commentaries</th>
      <td>9.99</td>
      <td>16.99</td>
      <td></td>
      <td></td>
      <td>26.99‚Äç</td>
      <td>10.99</td>
      <td>21.99</td>
    </tr>
    <tr>
      <th>Commentaries,Behind the Scenes</th>
      <td>20.99</td>
      <td>14.99‚Äç</td>
      <td></td>
      <td></td>
      <td>27.99</td>
      <td>16.99‚ÅÝ</td>
      <td>NaN</td>
    </tr>
    <tr>
      <th>Commentaries,Deleted Scenes</th>
      <td>18.99</td>
      <td>26.99</td>
      <td></td>
      <td></td>
      <td>27.99‚Äç</td>
      <td>10.99</td>
      <td>23.99</td>
    </tr>
    <tr>
      <th>Commentaries,Deleted Scenes,Behind the Scenes</th>
      <td>22.99</td>
      <td>29.99‚ÅÝ</td>
      <td></td>
      <td></td>
      <td>20.99</td>
      <td>17.99</td>
      <td>13.99‚Äã</td>
    </tr>
    <tr>
      <th>Deelted Scnees</th>
      <td>14.99</td>
      <td>13.99</td>
      <td></td>
      <td></td>
      <td>9.99</td>
      <td>NaN</td>
      <td>14.99</td>
    </tr>
    <tr>
      <th>Trailers</th>
      <td>21.99</td>
      <td>14.99</td>
      <td></td>
      <td></td>
      <td>14.99</td>
      <td>9.99</td>
      <td>20.99</td>
    </tr>
    <tr>
      <th>Trailers,Behind the Scenes</th>
      <td>10.99</td>
      <td>22.99</td>
      <td></td>
      <td></td>
      <td>29.99</td>
      <td>19.99</td>
      <td>27.99</td>
    </tr>
    <tr>
      <th>Trialers,CmometanriseB,ehni dthe Secnse</th>
      <td>24.99</td>
      <td>21.99</td>
      <td></td>
      <td></td>
      <td>11.99</td>
      <td>13.99</td>
      <td>15.99</td>
    </tr>
    <tr>
      <th>Trailers,Deleted Scenes</th>
      <td>27.99</td>
      <td>18.99</td>
      <td></td>
      <td></td>
      <td>12.99</td>
      <td>14.99</td>
      <td>26.99</td>
    </tr>
  </tbody>
</table>

Table 1

<table border=""1"" class=""dataframe"">
  <thead>
    <tr style=""text-align: right;"">
      <th></th>
      <th></th>
      <th></th>
      <th></th>
      <th>G</th>
      <th>NC-17</th>
      <th>PG</th>
      <th>PG-13</th>
      <th>R</th>
    </tr>
    <tr>
      <th>rental_duration</th>
      <th>special_features</th>
      <th></th>
      <th></th>
      <th></th>
      <th></th>
      <th></th>
      <th></th>
      <th></th>
    </tr>
  </thead>
  <tbody>
    <tr>
      <th rowspan=""10"" valign=""top"">6</th>
      <th>Behind the Scenes</th>
      <td></td>
      <td></td>
      <td>15.99 units</td>
      <td>13.99 units</td>
      <td>12.99 units</td>
      <td>27.99 units</td>
      <td>16.99 units (see footnote 4)</td>
    </tr>
    <tr>
      <th>Commentaries</th>
      <td></td>
      <td></td>
      <td>24.99 units</td>
      <td>10.99 units</td>
      <td>14.99 units</td>
      <td>21.99 units</td>
      <td>16.99 units</td>
    </tr>
    <tr>
      <th>Commentaries,Behind the Scenes</th>
      <td></td>
      <td></td>
      <td>16.99 units</td>
      <td>28.99 unit‚Äås</td>
      <td>20.99 units</td>
      <td>26.99 units</td>
      <td>11.99 units</td>
    </tr>
    <tr>
      <th>Commentaries,Deleted Scenes</th>
      <td></td>
      <td></td>
      <td>29.99 units</td>
      <td>29.99 units</td>
      <td>22.99 units</td>
      <td>14.99 units</td>
      <td>12.99 units (see footnote 1)</td>
    </tr>
    <tr>
      <th>Commentaries,Deleted Scenes,Behind the Scenes</th>
      <td></td>
      <td></td>
      <td>17.99 unit¬Ýs</td>
      <td>20.99 units</td>
      <td>20.99 units (see footnote 1)</td>
      <td>27.99 units</td>
      <td>NaN</td>
    </tr>
    <tr>
      <th>Deleted Scenes</th>
      <td></td>
      <td></td>
      <td>22.99 units</td>
      <td>21.99 units</td>
      <td>NaN</td>
      <td>19.99 units</td>
      <td>10.99 units</td>
    </tr>
    <tr>
      <th>Trailers</th>
      <td></td>
      <td></td>
      <td>22.99 units</td>
      <td>22.99 units (source: official reports)</td>
      <td>11.99 uni‚Äåts (see footnote 4)</td>
      <td>22.99 units (source: official reports)</td>
      <td>15.99 uints</td>
    </tr>
    <tr>
      <th>Trailers,Behind the Scenes</th>
      <td></td>
      <td></td>
      <td>9.99 ‚ÅÝunits</td>
      <td>19.99n uits (see footnote 3)</td>
      <td>24.99 units</td>
      <td>27.99 units</td>
      <td>19.99 units (source: official reports)</td>
    </tr>
    <tr>
      <th>Trailers,Commentaries,Behind the Scenes</th>
      <td></td>
      <td></td>
      <td>23.99 units (source: official reports)</td>
      <td>27.99 uni‚Äãts</td>
      <td>22.99 units</td>
      <td>29.99 ‚Äåunits</td>
      <td>22.99 units</td>
    </tr>
    <tr>
      <th>Tr‚ÅÝailers,Delet‚Äåed Sce‚Äåne¬Ýs</th>
      <td></td>
      <td></td>
      <td>NaN</td>
      <td>24.99u nits</td>
      <td>14.99 units</td>
      <td>28.99 units</td>
      <td>11.99 units</td>
    </tr>
  </tbody>
</table>

Table 2

<table border=""1"" class=""dataframe"">
  <thead>
    <tr style=""text-align: right;"">
      <th></th>
      <th></th>
      <th></th>
      <th>G</th>
      <th>NC-17</th>
      <th></th>
      <th></th>
      <th>PG</th>
      <th>PG-13</th>
      <th>R</th>
    </tr>
    <tr>
      <th>rental_duration</th>
      <th>special_features</th>
      <th></th>
      <th></th>
      <th></th>
      <th></th>
      <th></th>
      <th></th>
      <th></th>
      <th></th>
    </tr>
  </thead>
  <tbody>
    <tr>
      <th>replacement_cost (units)</th>
      <th>replacement_cost (units)</th>
      <td></td>
      <td>replacement_cost (units)</td>
      <td>replacement_cost (units)</td>
      <td></td>
      <td></td>
      <td>replacement_cost (units) - as listed on the website</td>
      <td>replacement_cost (units)</td>
      <td>replacement_cost (units)</td>
    </tr>
    <tr>
      <th rowspan=""4"" valign=""top"">5</th>
      <th>Behind the Scenes</th>
      <td></td>
      <td>12.99</td>
      <td>17.99</td>
      <td></td>
      <td></td>
      <td>17.99</td>
      <td>\</td>
      <td>\</td>
    </tr>
    <tr>
      <th>Commentaries</th>
      <td></td>
      <td>16.99 - as listed on the website</td>
      <td>\</td>
      <td></td>
      <td></td>
      <td>\</td>
      <td>\</td>
      <td>\</td>
    </tr>
    <tr>
      <th>Commentaries,Behind the Scenes</th>
      <td></td>
      <td>\</td>
      <td>\</td>
      <td></td>
      <td></td>
      <td>\</td>
      <td>\</td>
      <td>NaN</td>
    </tr>
    <tr>
      <th>Commentaries,Deleted Scenes</th>
      <td></td>
      <td>14.99</td>
      <td>NaN</td>
      <td></td>
      <td></td>
      <td>12.99</td>
      <td>\</td>
      <td>\</td>
    </tr>
    <tr>
      <th></th>
      <th></th>
      <td></td>
      <td></td>
      <td></td>
      <td></td>
      <td></td>
      <td></td>
      <td></td>
      <td></td>
    </tr>
    <tr>
      <th rowspan=""2"" valign=""top"">5</th>
      <th>Commentaries,Deleted Scenes,Behind the Scenes</th>
      <td></td>
      <td>13.99</td>
      <td>\</td>
      <td></td>
      <td></td>
      <td>\</td>
      <td>21.99</td>
      <td>19.99</td>
    </tr>
    <tr>
      <th>Deleted Scenes</th>
      <td></td>
      <td>\</td>
      <td>10.99</td>
      <td></td>
      <td></td>
      <td>\</td>
      <td>\</td>
      <td>\</td>
    </tr>
    <tr>
      <th></th>
      <th></th>
      <td></td>
      <td></td>
      <td></td>
      <td></td>
      <td></td>
      <td></td>
      <td></td>
      <td></td>
    </tr>
    <tr>
      <th rowspan=""4"" valign=""top"">5</th>
      <th>Trailers</th>
      <td></td>
      <td>10.99</td>
      <td>\</td>
      <td></td>
      <td></td>
      <td>\</td>
      <td>\</td>
      <td>23.99 - as listed on the website</td>
    </tr>
    <tr>
      <th>Trailers,Behind the Scenes</th>
      <td></td>
      <td>15.99 - as listed on the website</td>
      <td>\</td>
      <td></td>
      <td></td>
      <td>15.99</td>
      <td>\</td>
      <td>12.99</td>
    </tr>
    <tr>
      <th>Trailers,Commentaries,Behind the Scenes</th>
      <td></td>
      <td>\</td>
      <td>10.99</td>
      <td></td>
      <td></td>
      <td>16.99 - as listed on the website</td>
      <td>23.99</td>
      <td>NaN</td>
    </tr>
    <tr>
      <th>Trailers,Deleted Scenes</th>
      <td></td>
      <td>11.99</td>
      <td>\</td>
      <td></td>
      <td></td>
      <td>13.99</td>
      <td>\</td>
      <td>\</td>
    </tr>
  </tbody>
</table>",,20.323333333333334
8,"What is the average rental cost in units for movies with a rental duration of three days, whose special features field is exactly Trailers, and whose rating is PG-13, PG, or NC-17?","['SELECT rental_rate FROM sample_table WHERE rental_duration = ""3"" AND rating = ""PG-13"" AND special_features = ""Trailers"";', 'SELECT rental_rate FROM sample_table WHERE rental_duration = ""3"" AND rating = ""PG"" AND special_features = ""Trailers"";', 'SELECT rental_rate FROM sample_table WHERE rental_duration = ""3"" AND rating = ""NC-17"" AND special_features = ""Trailers"";']",average,"Table 0

<table border=""1"" class=""dataframe"">
  <thead>
    <tr>
      <th></th>
      <th>3</th>
      <th>4</th>
      <th>5</th>
      <th>6</th>
      <th>7</th>
      <th></th>
    </tr>
    <tr>
      <th></th>
      <th>PG-13</th>
      <th>PG-13</th>
      <th>PG-13</th>
      <th>PG-13</th>
      <th>PG-13</th>
      <th></th>
    </tr>
    <tr>
      <th>special_features</th>
      <th></th>
      <th></th>
      <th></th>
      <th></th>
      <th></th>
      <th></th>
    </tr>
  </thead>
  <tbody>
    <tr>
      <th>Behind the Scenes</th>
      <td>4.99 units</td>
      <td>4.99 units</td>
      <td>4.99 units (see footnote 1)</td>
      <td>0.99 nuits</td>
      <td>4.99 utnis</td>
      <td></td>
    </tr>
    <tr>
      <th>oCmmetnaries</th>
      <td>NaN</td>
      <td>0.99 units (see footnote 3)</td>
      <td>0.99 units</td>
      <td>2.99 ‚Äãunits</td>
      <td>2.99 units</td>
      <td></td>
    </tr>
    <tr>
      <th>Commentaries,Behind the Scenes</th>
      <td>2.99 units</td>
      <td>0.99 units (see footnote 5)</td>
      <td>4.99 units</td>
      <td>0.99 units</td>
      <td>2.99 un‚Äçits</td>
      <td></td>
    </tr>
    <tr>
      <th>Commentaries,Deleted Scenes</th>
      <td>4.99 units</td>
      <td>0.99u nits</td>
      <td>4.99 units</td>
      <td>4.99 units</td>
      <td>2.99 unit‚Äçs</td>
      <td></td>
    </tr>
    <tr>
      <th>Commentaries,Deleted Scenes,Behind the Scenes</th>
      <td>4.99 units</td>
      <td>0.99 unit‚Äås (see footnote 4)</td>
      <td>2.99 units</td>
      <td>0.99 units</td>
      <td>2.99 units</td>
      <td></td>
    </tr>
    <tr>
      <th>Deleted Scenes</th>
      <td>2.99 units</td>
      <td>2.99 units</td>
      <td>2.99 units</td>
      <td>2.99 units</td>
      <td>NaN</td>
      <td></td>
    </tr>
    <tr>
      <th>Trailers</th>
      <td>4.99 units</td>
      <td>4.99 units</td>
      <td>4.99 units (see footnote 3)</td>
      <td>0.99 units (see footnote 4)</td>
      <td>0.99 units</td>
      <td></td>
    </tr>
    <tr>
      <th>Trailers,Behind the Scenes</th>
      <td>4.99 units</td>
      <td>NaN</td>
      <td>4.99 units</td>
      <td>0.99 unsit</td>
      <td>0.99 units</td>
      <td></td>
    </tr>
    <tr>
      <th>Trailers,Commentaries,Behind the Scenes</th>
      <td>0.99 units</td>
      <td>0.99 units</td>
      <td>0.99 units (see footnote 4)</td>
      <td>2.99 units</td>
      <td>2.99 units</td>
      <td></td>
    </tr>
    <tr>
      <th>Trailers,Deleted Scenes</th>
      <td>2.99 units</td>
      <td>0.99 unit¬Ýs</td>
      <td>0.99 units (see footnote 3)</td>
      <td>4.99 units</td>
      <td>2.99 units (see footnote 4)</td>
      <td></td>
    </tr>
  </tbody>
</table>

Table 1

<table border=""1"" class=""dataframe"">
  <thead>
    <tr style=""text-align: right;"">
      <th></th>
      <th></th>
      <th>3</th>
      <th>4</th>
      <th></th>
      <th>5</th>
      <th></th>
      <th>6</th>
      <th>7</th>
      <th></th>
    </tr>
    <tr>
      <th>rating</th>
      <th>special_features</th>
      <th></th>
      <th></th>
      <th></th>
      <th></th>
      <th></th>
      <th></th>
      <th></th>
      <th></th>
    </tr>
  </thead>
  <tbody>
    <tr>
      <th>units</th>
      <th>units</th>
      <td>units</td>
      <td>units</td>
      <td></td>
      <td>units</td>
      <td></td>
      <td>units</td>
      <td>units</td>
      <td></td>
    </tr>
    <tr>
      <th>PG</th>
      <th>Behind the Scenes</th>
      <td>\</td>
      <td>\</td>
      <td></td>
      <td>\</td>
      <td></td>
      <td>\</td>
      <td>2.99</td>
      <td></td>
    </tr>
    <tr>
      <th></th>
      <th></th>
      <td></td>
      <td></td>
      <td></td>
      <td></td>
      <td></td>
      <td></td>
      <td></td>
      <td></td>
    </tr>
    <tr>
      <th rowspan=""9"" valign=""top"">PG</th>
      <th>Commentaries</th>
      <td>\</td>
      <td>2.99</td>
      <td></td>
      <td>\</td>
      <td></td>
      <td>0.99</td>
      <td>\</td>
      <td></td>
    </tr>
    <tr>
      <th>Commentaries,Behind the Scenes</th>
      <td>NaN</td>
      <td>\</td>
      <td></td>
      <td>\</td>
      <td></td>
      <td>\</td>
      <td>\</td>
      <td></td>
    </tr>
    <tr>
      <th>Commentaries,Deleted Scenes</th>
      <td>\</td>
      <td>2.99</td>
      <td></td>
      <td>\</td>
      <td></td>
      <td>0.99</td>
      <td>4.99</td>
      <td></td>
    </tr>
    <tr>
      <th>Commentaries,Deleted Scenes,Behind the Scenes</th>
      <td>\</td>
      <td>\</td>
      <td></td>
      <td>4.99</td>
      <td></td>
      <td>\</td>
      <td>\</td>
      <td></td>
    </tr>
    <tr>
      <th>Deleted Scenes</th>
      <td>2.99</td>
      <td>\</td>
      <td></td>
      <td>\</td>
      <td></td>
      <td>NaN</td>
      <td>\</td>
      <td></td>
    </tr>
    <tr>
      <th>Trailers</th>
      <td>0.99</td>
      <td>4.99</td>
      <td></td>
      <td>\</td>
      <td></td>
      <td>0.99</td>
      <td>2.99</td>
      <td></td>
    </tr>
    <tr>
      <th>Trailers,Behind the Scenes</th>
      <td>0.99</td>
      <td>2.99</td>
      <td></td>
      <td>0.99</td>
      <td></td>
      <td>\</td>
      <td>0.99</td>
      <td></td>
    </tr>
    <tr>
      <th>Trailers,Commentaries,Behind the Scenes</th>
      <td>0.99</td>
      <td>\</td>
      <td></td>
      <td>0.99</td>
      <td></td>
      <td>\</td>
      <td>\</td>
      <td></td>
    </tr>
    <tr>
      <th>Trailers,Deleted Scenes</th>
      <td>\</td>
      <td>2.99</td>
      <td></td>
      <td>0.99</td>
      <td></td>
      <td>2.99</td>
      <td>2.99</td>
      <td></td>
    </tr>
  </tbody>
</table>

Table 2

<table border=""1"" class=""dataframe"">
  <thead>
    <tr>
      <th></th>
      <th>3</th>
      <th>4</th>
      <th>5</th>
      <th>6</th>
      <th>7</th>
      <th></th>
    </tr>
    <tr>
      <th></th>
      <th>NC-17</th>
      <th>NC-17</th>
      <th>NC-17</th>
      <th>NC-17</th>
      <th>NC-17</th>
      <th></th>
    </tr>
    <tr>
      <th>special_features</th>
      <th></th>
      <th></th>
      <th></th>
      <th></th>
      <th></th>
      <th></th>
    </tr>
  </thead>
  <tbody>
    <tr>
      <th>Behind the Scenes</th>
      <td>NaN</td>
      <td>\</td>
      <td>\</td>
      <td>\</td>
      <td>\</td>
      <td></td>
    </tr>
    <tr>
      <th>Commentaries</th>
      <td>\</td>
      <td>2.99 units</td>
      <td>\</td>
      <td>\</td>
      <td>\</td>
      <td></td>
    </tr>
    <tr>
      <th>Commentaries,Behind the Scenes</th>
      <td>2.99 units</td>
      <td>0.99 untis</td>
      <td>2.99 units</td>
      <td>\</td>
      <td>\</td>
      <td></td>
    </tr>
    <tr>
      <th>Commentaries,Deleted Scenes</th>
      <td>\</td>
      <td>0.99 units</td>
      <td>NaN</td>
      <td>\</td>
      <td>4.99u ntis</td>
      <td></td>
    </tr>
    <tr>
      <th>Commentaries,Deleted Scenes,Behind the Scenes</th>
      <td>\</td>
      <td>0.99 units (est.)</td>
      <td>4.99 units (est.)</td>
      <td>4.99un its (est.)</td>
      <td>\</td>
      <td></td>
    </tr>
    <tr>
      <th>Deleted Scenes</th>
      <td>\</td>
      <td>0.99 units</td>
      <td>2.99 units</td>
      <td>\</td>
      <td>2.99 units</td>
      <td></td>
    </tr>
    <tr>
      <th>Trailers</th>
      <td>2.99 units (est.)</td>
      <td>2.99 units</td>
      <td>0.99 nuits</td>
      <td>0.99u nist</td>
      <td>\</td>
      <td></td>
    </tr>
    <tr>
      <th>Trailers,Behind the Scenes</th>
      <td>\</td>
      <td>0.99un its</td>
      <td>2.99 units</td>
      <td>4.99 units</td>
      <td>4.99 units</td>
      <td></td>
    </tr>
    <tr>
      <th>Trailers,Commentaries,Behind the Scenes</th>
      <td>\‚Äã</td>
      <td>\‚Äç</td>
      <td>2.99 units</td>
      <td>4.99 units (est.)</td>
      <td>0.99 units</td>
      <td></td>
    </tr>
    <tr>
      <th>Trailers,Deleted Scenes</th>
      <td>\‚ÅÝ</td>
      <td>\</td>
      <td>0.99 units</td>
      <td>4.99 units</td>
      <td>\‚ÅÝ</td>
      <td></td>
    </tr>
  </tbody>
</table>",,2.99
9,"What is the average rental price, in units, for movies that include both commentaries and behind the scenes, under these exact conditions: R rated movies rented for 4 days, PG-13 rated movies rented for 7 days, and R rated movies rented for 6 days?","['SELECT rental_rate FROM sample_table WHERE rating = ""R"" AND special_features = ""Commentaries,Behind the Scenes"" AND rental_duration = ""4"";', 'SELECT rental_rate FROM sample_table WHERE rating = ""PG-13"" AND special_features = ""Commentaries,Behind the Scenes"" AND rental_duration = ""7"";', 'SELECT rental_rate FROM sample_table WHERE rating = ""R"" AND special_features = ""Commentaries,Behind the Scenes"" AND rental_duration = ""6"";']",average,"Table 0

<table border=""1"" class=""dataframe"">
  <thead>
    <tr>
      <th></th>
      <th>G</th>
      <th>NC-17</th>
      <th colspan=""2"" halign=""left""></th>
      <th>PG</th>
      <th>PG-13</th>
      <th>R</th>
    </tr>
    <tr>
      <th></th>
      <th>4</th>
      <th>4</th>
      <th></th>
      <th></th>
      <th>4</th>
      <th>4</th>
      <th>4</th>
    </tr>
  </thead>
  <tbody>
    <tr>
      <th>units</th>
      <td>units</td>
      <td></td>
      <td></td>
      <td></td>
      <td></td>
      <td></td>
      <td></td>
    </tr>
    <tr>
      <th>Behind the Scenes</th>
      <td>2.99</td>
      <td>\</td>
      <td></td>
      <td></td>
      <td>0.99</td>
      <td>4.99</td>
      <td>2.99</td>
    </tr>
    <tr>
      <th>Commentaries</th>
      <td>2.99</td>
      <td>\</td>
      <td></td>
      <td></td>
      <td>2.99</td>
      <td>\</td>
      <td>4.99</td>
    </tr>
    <tr>
      <th>Commentaries,Behind the Scenes</th>
      <td>0.99</td>
      <td>0.99</td>
      <td></td>
      <td></td>
      <td>2.99</td>
      <td>0.99</td>
      <td>0.99</td>
    </tr>
    <tr>
      <th>Commentaries,Deleted Scenes</th>
      <td>NaN</td>
      <td>0.99</td>
      <td></td>
      <td></td>
      <td>\</td>
      <td>\</td>
      <td>\</td>
    </tr>
    <tr>
      <th>Commentaries,Deleted Scenes,Behind the Scenes</th>
      <td>\</td>
      <td>\</td>
      <td></td>
      <td></td>
      <td>\</td>
      <td>\</td>
      <td>4.99</td>
    </tr>
    <tr>
      <th>Deleted Scenes</th>
      <td>0.99</td>
      <td>\</td>
      <td></td>
      <td></td>
      <td>\</td>
      <td>2.99</td>
      <td>\</td>
    </tr>
    <tr>
      <th>Deleted Scenes,Behind the Scenes</th>
      <td>NaN</td>
      <td>\</td>
      <td></td>
      <td></td>
      <td>\</td>
      <td>0.99</td>
      <td>2.99</td>
    </tr>
    <tr>
      <th>Trailers,Behind the Scenes</th>
      <td>2.99</td>
      <td>\</td>
      <td></td>
      <td></td>
      <td>\</td>
      <td>NaN</td>
      <td>\</td>
    </tr>
    <tr>
      <th>Trailers,Commentaries,Behind the Scenes</th>
      <td>4.99</td>
      <td>\</td>
      <td></td>
      <td></td>
      <td>\</td>
      <td>0.99</td>
      <td>4.99</td>
    </tr>
    <tr>
      <th>Trailers,Deleted Scenes</th>
      <td>\</td>
      <td>\</td>
      <td></td>
      <td></td>
      <td>\</td>
      <td>0.99</td>
      <td>\</td>
    </tr>
    <tr>
      <th></th>
      <td></td>
      <td></td>
      <td></td>
      <td></td>
      <td></td>
      <td></td>
      <td></td>
    </tr>
  </tbody>
</table>

Table 1

<table border=""1"" class=""dataframe"">
  <thead>
    <tr style=""text-align: right;"">
      <th></th>
      <th></th>
      <th>G</th>
      <th></th>
      <th>NC-17</th>
      <th>PG</th>
      <th></th>
      <th>PG-13</th>
      <th>R</th>
      <th></th>
    </tr>
    <tr>
      <th>special_features</th>
      <th>rental_duration</th>
      <th></th>
      <th></th>
      <th></th>
      <th></th>
      <th></th>
      <th></th>
      <th></th>
      <th></th>
    </tr>
  </thead>
  <tbody>
    <tr>
      <th>Behind the Scenes</th>
      <th>7</th>
      <td>0.99 units</td>
      <td></td>
      <td>0.99 units</td>
      <td>2.99 units</td>
      <td></td>
      <td>4.99 units (est.)</td>
      <td>0.99 units</td>
      <td></td>
    </tr>
    <tr>
      <th>Commentaries</th>
      <th>7</th>
      <td>4.99 units</td>
      <td></td>
      <td>\</td>
      <td>\</td>
      <td></td>
      <td>\</td>
      <td>4.99 units</td>
      <td></td>
    </tr>
    <tr>
      <th>Commentaries,Behind the Scenes</th>
      <th>7</th>
      <td>2.99 units (est.)</td>
      <td></td>
      <td>0.99 units</td>
      <td>4.99 units</td>
      <td></td>
      <td>2.99 units</td>
      <td>NaN</td>
      <td></td>
    </tr>
    <tr>
      <th>Commentaries,Deleted Scenes</th>
      <th>7</th>
      <td>0.99 units</td>
      <td></td>
      <td>4.99 units</td>
      <td>4.99 units</td>
      <td></td>
      <td>\</td>
      <td>\</td>
      <td></td>
    </tr>
    <tr>
      <th>Commentaries,Deleted Scenes,Behind the Scenes</th>
      <th>7</th>
      <td>\</td>
      <td></td>
      <td>2.99 units (est.)</td>
      <td>2.99 units</td>
      <td></td>
      <td>2.99 units</td>
      <td>2.99 units</td>
      <td></td>
    </tr>
    <tr>
      <th>Deleted Scenes</th>
      <th>7</th>
      <td>\</td>
      <td></td>
      <td>\</td>
      <td>4.99 units</td>
      <td></td>
      <td>NaN</td>
      <td>\</td>
      <td></td>
    </tr>
    <tr>
      <th>Deleted Scenes,Behind the Scenes</th>
      <th>7</th>
      <td>0.99 units</td>
      <td></td>
      <td>0.99 units</td>
      <td>0.99 units</td>
      <td></td>
      <td>\</td>
      <td>\</td>
      <td></td>
    </tr>
    <tr>
      <th></th>
      <th></th>
      <td></td>
      <td></td>
      <td></td>
      <td></td>
      <td></td>
      <td></td>
      <td></td>
      <td></td>
    </tr>
    <tr>
      <th>Trailers,Behind the Scenes</th>
      <th>7</th>
      <td>0.99 units (est.)</td>
      <td></td>
      <td>4.99 units</td>
      <td>\</td>
      <td></td>
      <td>0.99 units</td>
      <td>2.99 units</td>
      <td></td>
    </tr>
    <tr>
      <th>Trailers,Commentaries,Behind the Scenes</th>
      <th>7</th>
      <td>\</td>
      <td></td>
      <td>0.99 units (est.)</td>
      <td>\</td>
      <td></td>
      <td>\</td>
      <td>\</td>
      <td></td>
    </tr>
    <tr>
      <th>Trailers,Deleted Scenes</th>
      <th>7</th>
      <td>4.99 units</td>
      <td></td>
      <td>\</td>
      <td>\</td>
      <td></td>
      <td>2.99 units</td>
      <td>\</td>
      <td></td>
    </tr>
  </tbody>
</table>

Table 2

<table border=""1"" class=""dataframe"">
  <thead>
    <tr>
      <th></th>
      <th></th>
      <th>G</th>
      <th>NC-17</th>
      <th>PG</th>
      <th>PG-13</th>
      <th>R</th>
      <th></th>
    </tr>
    <tr>
      <th></th>
      <th></th>
      <th>6</th>
      <th>6</th>
      <th>6</th>
      <th>6</th>
      <th>6</th>
      <th></th>
    </tr>
  </thead>
  <tbody>
    <tr>
      <th>rental_rate (units)</th>
      <td></td>
      <td>rental_rate (units)</td>
      <td></td>
      <td></td>
      <td></td>
      <td></td>
      <td></td>
    </tr>
    <tr>
      <th>Behind the Scenes</th>
      <td></td>
      <td>not available</td>
      <td>not available</td>
      <td>4.99</td>
      <td>0.99</td>
      <td>2.99</td>
      <td></td>
    </tr>
    <tr>
      <th>Commentaries</th>
      <td></td>
      <td>not available</td>
      <td>not available</td>
      <td>0.99 (est.)</td>
      <td>2.99</td>
      <td>not available</td>
      <td></td>
    </tr>
    <tr>
      <th>Commentaries,Behind the Scenes</th>
      <td></td>
      <td>0.99 (est.)</td>
      <td>4.99</td>
      <td>4.99</td>
      <td>not available</td>
      <td>4.99‚Åµ</td>
      <td></td>
    </tr>
    <tr>
      <th>Commentaries,Deleted Scenes</th>
      <td></td>
      <td>0.99</td>
      <td>not available</td>
      <td>0.99</td>
      <td>not available</td>
      <td>not available</td>
      <td></td>
    </tr>
    <tr>
      <th>Commentaries,Deleted Scenes,Behind the Scenes</th>
      <td></td>
      <td>2.99</td>
      <td>not available</td>
      <td>not available</td>
      <td>not available</td>
      <td>NaN</td>
      <td></td>
    </tr>
    <tr>
      <th>Deleted Scenes</th>
      <td></td>
      <td>2.99‚Åµ</td>
      <td>not available</td>
      <td>NaN</td>
      <td>2.99‚Åµ</td>
      <td>not available</td>
      <td></td>
    </tr>
    <tr>
      <th>Deleted Scenes,Behind the Scenes</th>
      <td></td>
      <td>2.99</td>
      <td>not available</td>
      <td>0.99</td>
      <td>4.99</td>
      <td>4.99</td>
      <td></td>
    </tr>
    <tr>
      <th>Trailers,Behind the Scenes</th>
      <td></td>
      <td>not available</td>
      <td>not available</td>
      <td>2.99</td>
      <td>not available</td>
      <td>2.99</td>
      <td></td>
    </tr>
    <tr>
      <th>Trailers,Commentaries,Behind the Scenes</th>
      <td></td>
      <td>0.99</td>
      <td>not available</td>
      <td>0.99</td>
      <td>2.99</td>
      <td>not available</td>
      <td></td>
    </tr>
    <tr>
      <th>Trailers,Deleted Scenes</th>
      <td></td>
      <td>NaN</td>
      <td>4.99</td>
      <td>2.99</td>
      <td>not available</td>
      <td>not available</td>
      <td></td>
    </tr>
  </tbody>
</table>",,2.99
10,"What is the average rental price in units for movies rated general audience, restricted adult, and parental guidance, each rented for a period of five days and including bonus content like trailers and extra scenes?","['SELECT rental_rate FROM sample_table WHERE rating = ""PG"" AND rental_duration = ""5"" AND special_features = ""Trailers,Deleted Scenes"";', 'SELECT rental_rate FROM sample_table WHERE rating = ""NC-17"" AND rental_duration = ""5"" AND special_features = ""Trailers,Deleted Scenes"";', 'SELECT rental_rate FROM sample_table WHERE rating = ""G"" AND rental_duration = ""5"" AND special_features = ""Trailers,Deleted Scenes"";']",average,"Table 0

<table border=""1"" class=""dataframe"">
  <thead>
    <tr>
      <th></th>
      <th>PG</th>
      <th colspan=""2"" halign=""left""></th>
      <th colspan=""4"" halign=""left"">PG</th>
      <th></th>
    </tr>
    <tr>
      <th></th>
      <th>3</th>
      <th></th>
      <th></th>
      <th>4</th>
      <th>5</th>
      <th>6</th>
      <th>7</th>
      <th></th>
    </tr>
    <tr>
      <th>special_features</th>
      <th></th>
      <th></th>
      <th></th>
      <th></th>
      <th></th>
      <th></th>
      <th></th>
      <th></th>
    </tr>
  </thead>
  <tbody>
    <tr>
      <th>Behind the Scenes</th>
      <td>4.99 units</td>
      <td></td>
      <td></td>
      <td>0.99 units</td>
      <td>0.99 units</td>
      <td>4.99 units</td>
      <td>\</td>
      <td></td>
    </tr>
    <tr>
      <th>Commentaries</th>
      <td>4.99 units</td>
      <td></td>
      <td></td>
      <td>2.99 units</td>
      <td>2.99 units</td>
      <td>\</td>
      <td>4.99 units</td>
      <td></td>
    </tr>
    <tr>
      <th>Commentaries,Behind the Scenes</th>
      <td>NaN</td>
      <td></td>
      <td></td>
      <td>\</td>
      <td>\</td>
      <td>\</td>
      <td>\</td>
      <td></td>
    </tr>
    <tr>
      <th>Commentaries,Deleted Scenes</th>
      <td>\</td>
      <td></td>
      <td></td>
      <td>\</td>
      <td>0.99 units</td>
      <td>\</td>
      <td>4.99 units</td>
      <td></td>
    </tr>
    <tr>
      <th></th>
      <td></td>
      <td></td>
      <td></td>
      <td></td>
      <td></td>
      <td></td>
      <td></td>
      <td></td>
    </tr>
    <tr>
      <th>Commentaries,Deleted Scenes,Behind the Scenes</th>
      <td>2.99 units</td>
      <td></td>
      <td></td>
      <td>2.99 units\nNote: recorded in [5]</td>
      <td>4.99 units</td>
      <td>\</td>
      <td>\</td>
      <td></td>
    </tr>
    <tr>
      <th>Deleted Scenes</th>
      <td>2.99 units</td>
      <td></td>
      <td></td>
      <td>\</td>
      <td>4.99 units (see notes)</td>
      <td>NaN</td>
      <td>4.99 units</td>
      <td></td>
    </tr>
    <tr>
      <th>Trailers</th>
      <td>\</td>
      <td></td>
      <td></td>
      <td>\</td>
      <td>\</td>
      <td>0.99 units</td>
      <td>\</td>
      <td></td>
    </tr>
    <tr>
      <th></th>
      <td></td>
      <td></td>
      <td></td>
      <td></td>
      <td></td>
      <td></td>
      <td></td>
      <td></td>
    </tr>
    <tr>
      <th>Trailers,Commentaries</th>
      <td>4.99 units</td>
      <td></td>
      <td></td>
      <td>0.99 units\nNote: recorded in [1]</td>
      <td>\</td>
      <td>\</td>
      <td>4.99 units</td>
      <td></td>
    </tr>
    <tr>
      <th>Trailers,Commentaries,Deleted Scenes,Behind the Scenes</th>
      <td>0.99 units</td>
      <td></td>
      <td></td>
      <td>0.99 units (see notes)</td>
      <td>\</td>
      <td>0.99 units</td>
      <td>4.99 units\nNote: recorded in [1]</td>
      <td></td>
    </tr>
    <tr>
      <th></th>
      <td></td>
      <td></td>
      <td></td>
      <td></td>
      <td></td>
      <td></td>
      <td></td>
      <td></td>
    </tr>
    <tr>
      <th>Trailers,Deleted Scenes</th>
      <td>\</td>
      <td></td>
      <td></td>
      <td>\</td>
      <td>0.99 units</td>
      <td>\</td>
      <td>\</td>
      <td></td>
    </tr>
  </tbody>
</table>

Table 1

<table border=""1"" class=""dataframe"">
  <thead>
    <tr>
      <th>rating</th>
      <th colspan=""5"" halign=""left"">NC-17</th>
    </tr>
    <tr>
      <th>rental_duration</th>
      <th>3</th>
      <th>4</th>
      <th>5</th>
      <th>6</th>
      <th>7</th>
    </tr>
  </thead>
  <tbody>
    <tr>
      <th>rental_rate (units)</th>
      <td>rental_rate (units)</td>
      <td></td>
      <td></td>
      <td></td>
      <td></td>
    </tr>
    <tr>
      <th>Behind the Scenes</th>
      <td>NaN</td>
      <td>not available</td>
      <td>not available</td>
      <td>0.99</td>
      <td>not available</td>
    </tr>
    <tr>
      <th>Commentaries</th>
      <td>2.99</td>
      <td>2.99</td>
      <td>4.99‚ÅÝ</td>
      <td>not available</td>
      <td>not available</td>
    </tr>
    <tr>
      <th>Com‚Äçmentar‚Äãies,Behind t‚Äãh¬Ýe ‚ÄãScenes</th>
      <td>2.99‚ÅÝ</td>
      <td>nt oaviaalble</td>
      <td>2.99‚Äã</td>
      <td>4.99</td>
      <td>not available</td>
    </tr>
    <tr>
      <th>Commentaries,Deleted Scenes</th>
      <td>not available</td>
      <td>0.99</td>
      <td>NaN</td>
      <td>not availa‚ÅÝb‚Äçle</td>
      <td>not available</td>
    </tr>
    <tr>
      <th>Commentaries,Deleted Scenes,Behind the Scenes</th>
      <td>0.99‚Äç</td>
      <td>not‚ÅÝ availab‚Äãle</td>
      <td>not available</td>
      <td>not available</td>
      <td>2.99</td>
    </tr>
    <tr>
      <th>Deleted Scenes</th>
      <td>4.99‚Äã</td>
      <td>not available</td>
      <td>no tavailabel</td>
      <td>not available</td>
      <td>2.99</td>
    </tr>
    <tr>
      <th>Trailers</th>
      <td>2.99</td>
      <td>not available</td>
      <td>not available</td>
      <td>0.99</td>
      <td>not available</td>
    </tr>
    <tr>
      <th>Trailers,Commentaries</th>
      <td>0.99</td>
      <td>not available</td>
      <td>not available</td>
      <td>2.99</td>
      <td>not available</td>
    </tr>
    <tr>
      <th>Trailers,Commentaries,Deleted Scenes,Behind the Scenes</th>
      <td>not available</td>
      <td>0.99</td>
      <td>4.99</td>
      <td>not available</td>
      <td>not a‚Äçvail‚Äçable</td>
    </tr>
    <tr>
      <th>Trailers,Deleted Scenes</th>
      <td>not available</td>
      <td>not available</td>
      <td>0.99</td>
      <td>4.99</td>
      <td>2.99</td>
    </tr>
  </tbody>
</table>

Table 2

<table border=""1"" class=""dataframe"">
  <thead>
    <tr style=""text-align: right;"">
      <th></th>
      <th></th>
      <th>3</th>
      <th>4</th>
      <th>5</th>
      <th></th>
      <th>6</th>
      <th>7</th>
    </tr>
    <tr>
      <th>rating</th>
      <th>special_features</th>
      <th></th>
      <th></th>
      <th></th>
      <th></th>
      <th></th>
      <th></th>
    </tr>
  </thead>
  <tbody>
    <tr>
      <th rowspan=""2"" valign=""top"">G</th>
      <th>Behind the Scenes</th>
      <td>0.99 units (source: official reports)</td>
      <td>2.99 units</td>
      <td>2.99 units</td>
      <td></td>
      <td>2.99 units</td>
      <td>0.99 units</td>
    </tr>
    <tr>
      <th>Commentaries</th>
      <td>4.99 units (source: official reports)</td>
      <td>2.99 ‚Äçunits (source: official reports)</td>
      <td>4.99 units</td>
      <td></td>
      <td>2.99 units</td>
      <td>4.99 units</td>
    </tr>
    <tr>
      <th>G</th>
      <th>Commentaries,Behind the Scenes</th>
      <td>2.99 units</td>
      <td>0.99 units</td>
      <td>2.99 units</td>
      <td></td>
      <td>0.99 units</td>
      <td>2.99 units</td>
    </tr>
    <tr>
      <th>G</th>
      <th>Commentaries,Deleted Scenes</th>
      <td>0.99 units (see footnote 4)</td>
      <td>NaN</td>
      <td>4.99 units</td>
      <td></td>
      <td>0.99 units (source: official reports)</td>
      <td>0.99 u‚Äãnits</td>
    </tr>
    <tr>
      <th></th>
      <th></th>
      <td></td>
      <td></td>
      <td></td>
      <td></td>
      <td></td>
      <td></td>
    </tr>
    <tr>
      <th rowspan=""6"" valign=""top"">G</th>
      <th>Commentaries,Deleted Scenes,Behind the Scenes</th>
      <td>0.99 units</td>
      <td>4.99 units</td>
      <td>2.99 units</td>
      <td></td>
      <td>2.99 units</td>
      <td>0.99 units</td>
    </tr>
    <tr>
      <th>Deleted Scenes</th>
      <td>2.99u nits</td>
      <td>0.99 units</td>
      <td>2.99 units</td>
      <td></td>
      <td>2.99 unist</td>
      <td>4.99 un‚ÅÝits (source: official reports)</td>
    </tr>
    <tr>
      <th>Trailers</th>
      <td>2.99u nist</td>
      <td>2.99 units</td>
      <td>0.99 units</td>
      <td></td>
      <td>0.99 units</td>
      <td>2.99 units</td>
    </tr>
    <tr>
      <th>Trailers,Commentaries</th>
      <td>4.99 units</td>
      <td>0.99 units (see footnote 1)</td>
      <td>4.99 units</td>
      <td></td>
      <td>2.99 units</td>
      <td>0.99 unit‚Äås</td>
    </tr>
    <tr>
      <th>Trailers,Commentaries,Deleted Scenes,Behind the Scenes</th>
      <td>4.99 units</td>
      <td>4.99 units</td>
      <td>0.99 units (source: official reports)</td>
      <td></td>
      <td>4.99 units</td>
      <td>2.99 un‚ÅÝits</td>
    </tr>
    <tr>
      <th>Trialers,DeeltedS ceens</th>
      <td>4.99 units</td>
      <td>0.99 units (source: official reports)</td>
      <td>2.99 units</td>
      <td></td>
      <td>NaN</td>
      <td>4.99 u‚ÅÝnits</td>
    </tr>
    <tr>
      <th></th>
      <th></th>
      <td></td>
      <td></td>
      <td></td>
      <td></td>
      <td></td>
      <td></td>
    </tr>
  </tbody>
</table>",,1.656666666666667
