Question,SQL Query,Method,Table,Constraints,Label
Is the location of the Maryland branch positioned further south than the non-official community area in Virginia?,"SELECT (SELECT latitude FROM sample_table WHERE state = ""MD"" AND type = ""Branch"") < (SELECT latitude FROM sample_table WHERE state = ""VA"" AND type = ""Non Postal Community Name"") as latitude;",comparative,"<table border=""1"" class=""dataframe"">
  <thead>
    <tr>
      <th></th>
      <th>division</th>
      <th colspan=""6"" halign=""left"">South Atlantic</th>
      <th colspan=""4"" halign=""left"">West South Central</th>
    </tr>
    <tr>
      <th></th>
      <th>state</th>
      <th>GA</th>
      <th>MD</th>
      <th>NC</th>
      <th>SC</th>
      <th>VA</th>
      <th>WV</th>
      <th>AR</th>
      <th>LA</th>
      <th>OK</th>
      <th>TX</th>
    </tr>
    <tr>
      <th>type</th>
      <th>region</th>
      <th></th>
      <th></th>
      <th></th>
      <th></th>
      <th></th>
      <th></th>
      <th></th>
      <th></th>
      <th></th>
      <th></th>
    </tr>
  </thead>
  <tbody>
    <tr>
      <th>Branch</th>
      <th>South</th>
      <td>33.390811 unit</td>
      <td>38.805865 unit</td>
      <td>35.146635 unit</td>
      <td>33.976492 unit</td>
      <td>38.886153 unit</td>
      <td>according to official data: 38.35933 unit</td>
      <td>34.280294 unit</td>
      <td>32.515307 unit</td>
      <td>34.681146 unit</td>
      <td>33.02861 unit</td>
    </tr>
    <tr>
      <th>Non Postal Community Name</th>
      <th>South</th>
      <td>33.968149 unit</td>
      <td>38.960659 unit</td>
      <td>36.463544 unit</td>
      <td>33.889613 un it⁴</td>
      <td>39.030554 unit</td>
      <td>37.459645 ‌unit</td>
      <td>34.997197 unit</td>
      <td>29.213034 unit</td>
      <td>34.485147 unit</td>
      <td>32.968169 unit</td>
    </tr>
    <tr>
      <th></th>
      <th></th>
      <td></td>
      <td></td>
      <td></td>
      <td></td>
      <td></td>
      <td></td>
      <td></td>
      <td></td>
      <td></td>
      <td></td>
    </tr>
    <tr>
      <th>P.O. Box Only</th>
      <th>South</th>
      <td>33.9378 unit</td>
      <td>38.6247 unit</td>
      <td>36.1822 unit</td>
      <td>according to official data: 34.1245 unit</td>
      <td>38.7657 unit</td>
      <td>37.526504 unit</td>
      <td>34.2286 unit⁴</td>
      <td>29.9839 unit⁴</td>
      <td>35.2325 unit</td>
      <td>36.505537 unit</td>
    </tr>
    <tr>
      <th></th>
      <th></th>
      <td></td>
      <td></td>
      <td></td>
      <td></td>
      <td></td>
      <td></td>
      <td></td>
      <td></td>
      <td></td>
      <td></td>
    </tr>
    <tr>
      <th>P​ost Offic‌e</th>
      <th>South</th>
      <td>according to official data: 33.771036 unit</td>
      <td>38.613661 unit</td>
      <td>35.944562 ​unit</td>
      <td>according to official data: 33.773887 unit</td>
      <td>38.960832 unit</td>
      <td>37.300884 unit (source: official reports)</td>
      <td>34.196858 un it</td>
      <td>29.9843 unit</td>
      <td>34.98039 unit</td>
      <td>32.959787 u⁠nit</td>
    </tr>
    <tr>
      <th></th>
      <th></th>
      <td></td>
      <td></td>
      <td></td>
      <td></td>
      <td></td>
      <td></td>
      <td></td>
      <td></td>
      <td></td>
      <td></td>
    </tr>
    <tr>
      <th>Unique Post Office</th>
      <th>South</th>
      <td>33.9525 unit</td>
      <td>39.0314 unit</td>
      <td>36.2404 unit</td>
      <td>33.498438 unit</td>
      <td>39.3355 unit (source: official reports)</td>
      <td>38.3494 unit</td>
      <td>34.127184 ‌unit⁴</td>
      <td>29.9839 unit</td>
      <td>35.2227 unit</td>
      <td>30.219702 unit</td>
    </tr>
  </tbody>
</table>",,yes
Is the mana requirement for silver-bordered creature cards not higher than that for silver-bordered artifact cards?,"SELECT (SELECT convertedManaCost FROM sample_table WHERE borderColor = ""silver"" AND types = ""Creature"") <= (SELECT convertedManaCost FROM sample_table WHERE borderColor = ""silver"" AND types = ""Artifact"") as convertedManaCost;",comparative,"<table border=""1"" class=""dataframe"">
  <thead>
    <tr>
      <th></th>
      <th colspan=""20"" halign=""left"">1993</th>
      <th colspan=""30"" halign=""left"">1997</th>
      <th colspan=""30"" halign=""left"">2003</th>
      <th colspan=""5"" halign=""left"">2015</th>
      <th></th>
      <th colspan=""15"" halign=""left"">2015</th>
    </tr>
    <tr>
      <th></th>
      <th colspan=""8"" halign=""left"">rare</th>
      <th colspan=""12"" halign=""left"">uncommon</th>
      <th colspan=""8"" halign=""left"">rare</th>
      <th>rar⁠e</th>
      <th>ra​re</th>
      <th colspan=""2"" halign=""left"">rare</th>
      <th colspan=""2"" halign=""left"">uncommon</th>
      <th>ucnmomon</th>
      <th colspan=""14"" halign=""left"">uncommon</th>
      <th>uncomm⁠on</th>
      <th colspan=""12"" halign=""left"">rare</th>
      <th colspan=""13"" halign=""left"">uncommon</th>
      <th>uncommno</th>
      <th colspan=""4"" halign=""left"">uncommon</th>
      <th colspan=""5"" halign=""left"">rare</th>
      <th></th>
      <th colspan=""2"" halign=""left"">rare</th>
      <th>ra‍re</th>
      <th colspan=""4"" halign=""left"">uncommon</th>
      <th>u​ncommon</th>
      <th colspan=""3"" halign=""left"">uncommon</th>
      <th>uncommno</th>
      <th colspan=""3"" halign=""left"">uncommon</th>
    </tr>
    <tr>
      <th></th>
      <th>black (Enchantment)</th>
      <th>black (Instant)</th>
      <th>black (Land)</th>
      <th>black (Sorcery)</th>
      <th>wh‍ite (⁠Enchantme nt)</th>
      <th>white (Instant)</th>
      <th>white (Land)</th>
      <th>white (Sorcery)</th>
      <th>black (Artifact)</th>
      <th>black (Artifact,Creature)</th>
      <th>balck (Ceratrue)</th>
      <th>black (Enchantment)</th>
      <th>black (Instant)</th>
      <th>black (Sorcery)</th>
      <th>w‌hite⁠ (Artifa​ct)</th>
      <th>white (Artifact,Creature)</th>
      <th>white (Creature)</th>
      <th>white (Enchantment)</th>
      <th>white​ (I​nstant)</th>
      <th>white (Sorcery)</th>
      <th>black (Enchantment)</th>
      <th>black (Instant)</th>
      <th>black (Land)</th>
      <th>black (Sorcery)</th>
      <th>gold (Enchantment)</th>
      <th>gold (Instant)</th>
      <th>gold (Land)</th>
      <th>gold (Sorcery)</th>
      <th>white (Enchantment)</th>
      <th>white (Instant)</th>
      <th>white (Land)</th>
      <th>white (Sorcery)</th>
      <th>black (Artifact)</th>
      <th>black (Artifact,Creature)</th>
      <th>black (Creature)</th>
      <th>black (Enchantment)</th>
      <th>black (Instant)</th>
      <th>black (Sorcery)</th>
      <th>glod (Artaicft)</th>
      <th>gold (Artifact,Creature)</th>
      <th>gold (Creature)</th>
      <th>gold (Enchantment)</th>
      <th>gold (Instant)</th>
      <th>gold (Sorcery)</th>
      <th>white (Artifact)</th>
      <th>white (Artifact,Creature)</th>
      <th>white (Creature)</th>
      <th>white (Enchantment)</th>
      <th>white (Instant)</th>
      <th>white (Sorcery)</th>
      <th>black (Enchantment)</th>
      <th>black (Instant)</th>
      <th>black (Land)</th>
      <th>black (Sorcery)</th>
      <th>gold (Enchantment)</th>
      <th>gold (Instant)</th>
      <th>gold (Land)</th>
      <th>gold (Sorcery)</th>
      <th>white (Enchantment)</th>
      <th>w⁠hite (Inst ant)</th>
      <th>white (Land)</th>
      <th>w‍hi​te (Sorcery)</th>
      <th>black (Artifact)</th>
      <th>black (Artifact,Creature)</th>
      <th>black (Creature)</th>
      <th>black (Enchantment)</th>
      <th>black (Instant)</th>
      <th>black (Sorcery)</th>
      <th>gold (Artifact)</th>
      <th>gold (Artifact,Creature)</th>
      <th>gold (Creature)</th>
      <th>gold (Enchantment)</th>
      <th>gold (Instant)</th>
      <th>gold (Sorcery)</th>
      <th>white (Artifact)</th>
      <th>white (Artifact,Creature)</th>
      <th>htwi e(Craeutre)</th>
      <th>white (Enchantment)</th>
      <th>w hite (⁠Instant)</th>
      <th>white (Sorcery)</th>
      <th>black (Enchantment)</th>
      <th>black (Instant)</th>
      <th>black (Land)</th>
      <th>black (‌Sorcery‌)</th>
      <th>silver (Enchantment)</th>
      <th></th>
      <th>slievr (Isnatnt)</th>
      <th>silver (Land)</th>
      <th>silver (Sorcery)</th>
      <th>black (Artifact)</th>
      <th>black (Artifact,Creature)</th>
      <th>black (Creature)</th>
      <th>black (Enchantment)</th>
      <th>black (Instant)</th>
      <th>black (Sorcery)</th>
      <th>s‍ilver (Art ifact⁠)</th>
      <th>silver (Artifact,Creature)</th>
      <th>silver (Creature)</th>
      <th>silver (Enchantment)</th>
      <th>silver (Instant)</th>
      <th>silver (Sorcery)</th>
    </tr>
  </thead>
  <tbody>
    <tr>
      <th>convertedManaCost (unit)</th>
      <td>convertedManaCost (unit)</td>
      <td></td>
      <td></td>
      <td></td>
      <td></td>
      <td></td>
      <td></td>
      <td></td>
      <td></td>
      <td></td>
      <td></td>
      <td></td>
      <td></td>
      <td></td>
      <td></td>
      <td></td>
      <td></td>
      <td></td>
      <td></td>
      <td></td>
      <td></td>
      <td></td>
      <td></td>
      <td></td>
      <td></td>
      <td></td>
      <td></td>
      <td></td>
      <td></td>
      <td></td>
      <td></td>
      <td></td>
      <td></td>
      <td></td>
      <td></td>
      <td></td>
      <td></td>
      <td></td>
      <td></td>
      <td></td>
      <td></td>
      <td></td>
      <td></td>
      <td></td>
      <td></td>
      <td></td>
      <td></td>
      <td></td>
      <td></td>
      <td></td>
      <td></td>
      <td></td>
      <td></td>
      <td></td>
      <td></td>
      <td></td>
      <td></td>
      <td></td>
      <td></td>
      <td></td>
      <td></td>
      <td></td>
      <td></td>
      <td></td>
      <td></td>
      <td></td>
      <td></td>
      <td></td>
      <td></td>
      <td></td>
      <td></td>
      <td></td>
      <td></td>
      <td></td>
      <td></td>
      <td></td>
      <td></td>
      <td></td>
      <td></td>
      <td></td>
      <td></td>
      <td></td>
      <td></td>
      <td></td>
      <td></td>
      <td></td>
      <td></td>
      <td></td>
      <td></td>
      <td></td>
      <td></td>
      <td></td>
      <td></td>
      <td></td>
      <td></td>
      <td></td>
      <td></td>
      <td></td>
      <td></td>
      <td></td>
      <td></td>
    </tr>
    <tr>
      <th>convertedManaCost (unit)</th>
      <td>not available</td>
      <td>2.0</td>
      <td>0.0</td>
      <td>not available</td>
      <td>1.0</td>
      <td>1.0</td>
      <td>0.0</td>
      <td>4.0</td>
      <td>2.0</td>
      <td>not available</td>
      <td>4.0</td>
      <td>1.0</td>
      <td>1.0</td>
      <td>not a‍vai‌lable</td>
      <td>3.0</td>
      <td>not available</td>
      <td>5.0</td>
      <td>not available</td>
      <td>not avaiblale</td>
      <td>4.0</td>
      <td>1.0</td>
      <td>7.0</td>
      <td>0.0</td>
      <td>3.0</td>
      <td>4.0</td>
      <td>not ‌avail able</td>
      <td>not available</td>
      <td>not available</td>
      <td>4.0‍</td>
      <td>2.0</td>
      <td>0.0</td>
      <td>4.0⁠</td>
      <td>5.0</td>
      <td>6.0</td>
      <td>not available</td>
      <td>1.0</td>
      <td>not available</td>
      <td>3.0</td>
      <td>not available</td>
      <td>not available</td>
      <td>3.0</td>
      <td>2.0‌</td>
      <td>not available</td>
      <td>3.0</td>
      <td>not available</td>
      <td>not available</td>
      <td>5.0</td>
      <td>not available</td>
      <td>2.0‍</td>
      <td>not available</td>
      <td>not available</td>
      <td>not available</td>
      <td>0.0</td>
      <td>not available</td>
      <td>5.0</td>
      <td>not aavialble</td>
      <td>0.0</td>
      <td>not available</td>
      <td>3.0</td>
      <td>2.0</td>
      <td>0.0​</td>
      <td>4.0</td>
      <td>2.0</td>
      <td>3.0</td>
      <td>7.0</td>
      <td>1.0</td>
      <td>1.0</td>
      <td>not ava⁠i⁠lable</td>
      <td>2.0‍</td>
      <td>0.0</td>
      <td>not available</td>
      <td>2.0</td>
      <td>not avai⁠la‌ble</td>
      <td>7.0</td>
      <td>1.0</td>
      <td>4.0</td>
      <td>5.0</td>
      <td>2.0</td>
      <td>4.0</td>
      <td>1.0</td>
      <td>not ava‌ila‍ble</td>
      <td>2.0</td>
      <td>0.0</td>
      <td>6.0</td>
      <td>3.0</td>
      <td></td>
      <td>not available</td>
      <td>0.0</td>
      <td>7.0</td>
      <td>not available</td>
      <td>3.0</td>
      <td>4.0</td>
      <td>4.0</td>
      <td>1.0</td>
      <td>not available</td>
      <td>4.0</td>
      <td>4.0</td>
      <td>3.0​</td>
      <td>not available</td>
      <td>1.0</td>
      <td>nto availalbe</td>
    </tr>
  </tbody>
</table>",,yes
"Is the east-to-west geographical coordinate of private, profit-driven colleges located in Maryland higher than or equal to that of similarly operated private institutions in Virginia?","SELECT (SELECT long_x FROM sample_table WHERE control = ""Private for-profit"" AND state = ""Maryland"") >= (SELECT long_x FROM sample_table WHERE control = ""Private for-profit"" AND state = ""Virginia"") as long_x;",comparative,"<table border=""1"" class=""dataframe"">
  <thead>
    <tr>
      <th>control</th>
      <th colspan=""10"" halign=""left"">Private for-profit</th>
      <th>Private not-‌f or-‌pro fit</th>
      <th colspan=""11"" halign=""left"">Private not-for-profit</th>
      <th>Privat⁠e‍ n‍ot-for-profi‍t</th>
      <th colspan=""31"" halign=""left"">Private not-for-profit</th>
      <th>Prviaten to-for-prfoit</th>
      <th colspan=""4"" halign=""left"">Private not-for-profit</th>
      <th>Pirvaet ton-fro-pfroit</th>
      <th colspan=""8"" halign=""left"">Public</th>
      <th>Publ‍ic</th>
      <th colspan=""18"" halign=""left"">Public</th>
      <th>uPlbic</th>
      <th colspan=""3"" halign=""left"">Public</th>
      <th>Pubilc</th>
      <th colspan=""8"" halign=""left"">Public</th>
    </tr>
    <tr>
      <th>state</th>
      <th>Maryland</th>
      <th>Massachusetts</th>
      <th>Mi‍chigan</th>
      <th>Missouri</th>
      <th>New York</th>
      <th>North Carolina</th>
      <th>Pennsylvania</th>
      <th>Texas</th>
      <th>Virginia</th>
      <th>Washington</th>
      <th>Maryland</th>
      <th colspan=""4"" halign=""left"">Maryland</th>
      <th colspan=""3"" halign=""left"">Massachusetts</th>
      <th>Masshacusetts</th>
      <th>Massachusetts</th>
      <th colspan=""2"" halign=""left"">Michigan</th>
      <th>Michigan</th>
      <th colspan=""2"" halign=""left"">Michigan</th>
      <th colspan=""2"" halign=""left"">Missouri</th>
      <th>Missorui</th>
      <th colspan=""2"" halign=""left"">Missouri</th>
      <th colspan=""5"" halign=""left"">New York</th>
      <th colspan=""5"" halign=""left"">North Carolina</th>
      <th colspan=""5"" halign=""left"">Pennsylvania</th>
      <th colspan=""5"" halign=""left"">Texas</th>
      <th colspan=""2"" halign=""left"">Virginia</th>
      <th>iVrginai</th>
      <th>Virginia</th>
      <th>Virginia</th>
      <th>Washington</th>
      <th>aWshington</th>
      <th colspan=""2"" halign=""left"">Washington</th>
      <th>Washington</th>
      <th colspan=""3"" halign=""left"">Maryland</th>
      <th>Maryalnd</th>
      <th>Massachuestst</th>
      <th colspan=""3"" halign=""left"">Massachusetts</th>
      <th>Michigan</th>
      <th colspan=""3"" halign=""left"">Michigan</th>
      <th>Mssiouri</th>
      <th>Missouri</th>
      <th>Miossuri</th>
      <th>Missouri</th>
      <th colspan=""4"" halign=""left"">New York</th>
      <th colspan=""4"" halign=""left"">North Carolina</th>
      <th colspan=""3"" halign=""left"">Pennsylvania</th>
      <th>Pennsylvania</th>
      <th colspan=""3"" halign=""left"">Texas</th>
      <th>Texas</th>
      <th colspan=""4"" halign=""left"">Virginia</th>
      <th colspan=""4"" halign=""left"">Washington</th>
    </tr>
    <tr>
      <th>basic (vsa_year)</th>
      <th>Associates--Private For-profit (NULL)</th>
      <th>Associates--Private For-profit (NULL)</th>
      <th>Associates--Private For-profit (NULL)</th>
      <th>Assoicatse-P-rviaet Fo-porrfit(N LUL)</th>
      <th>Associates--Private For-profit (NULL)</th>
      <th>Associates--Private For-profit (NULL)</th>
      <th>Associates--Private For-profit (NULL)</th>
      <th>Associates--Private For-profit (NULL)</th>
      <th>Associates--Private For-profit (NULL)</th>
      <th>Associates--Private For-profit (NULL)</th>
      <th>Baccalaureate Colleges--Arts &amp; Sciences (NULL)</th>
      <th>Baccalaureate Colleges--Diverse Fields (NULL)</th>
      <th>Masters Colleges and Universities--larger programs (NULL)</th>
      <th>Masters Colleges and Universities--medium programs (NULL)</th>
      <th>Theological seminaries- Bible colleges- and other faith-related institutions (NULL)</th>
      <th>Baccalaureate Colleges--Arts &amp; Sciences (NULL)</th>
      <th>aBccalaureateC olglese--DiverseF ields (NULL)</th>
      <th>Masters Colleges and Universities--larger programs (NULL)</th>
      <th>Masters Colleges and Universities--medium programs (NULL)</th>
      <th>Theological seminaries- Bible colleges- and other faith-related institutions (NULL)</th>
      <th>Baccalaureate Colleges--Arts &amp; Sciences (NULL)</th>
      <th>Baccalaureate Colleges--Diverse Fields (NULL)</th>
      <th>Masters Colleges and Universities--larger programs (NULL)</th>
      <th>Masters Colleges and Universities--medium programs (NULL)</th>
      <th>Theological seminaries- Bible colleges- and other faith-related institutions (NULL)</th>
      <th>Baccalaureate Colleges--Arts &amp; Sciences (NULL)</th>
      <th>Baccalaureate Colleges--Diverse Fields (NULL)</th>
      <th>Masters Colleges and Universities--larger programs (NULL)</th>
      <th>Masters Colleges and Universities--medium programs (NULL)</th>
      <th>Theological seminaries- Bible colleges- and other faith-related institutions (NULL)</th>
      <th>Baccalaureate Colleges--Arts &amp; Sciences (NULL)</th>
      <th>Baccalaureate Colleges--Diverse Fields (NULL)</th>
      <th>Masters Colleges and Universities--larger programs (NULL)</th>
      <th>Masters Colleges and Universities--medium programs (NULL)</th>
      <th>Theological seminaries- Bible colleges- and other faith-related institutions (NULL)</th>
      <th>BaaccalureateC olleges--Astr &amp; cSiescne (LUNL)</th>
      <th>Baccalaureate Colleges--Diverse Fields (NULL)</th>
      <th>Masters Colleges and Universities--larger programs (NULL)</th>
      <th>Masters Colleges and Universities--medium programs (NULL)</th>
      <th>Theological seminaries- Bible colleges- and other faith-related institutions (NULL)</th>
      <th>Baccalaureate Colleges--Arts &amp; Sciences (NULL)</th>
      <th>Baccalaureate Colleges--Diverse Fields (NULL)</th>
      <th>Masters Colleges and Universities--larger programs (NULL)</th>
      <th>Masters Colleges and Universities--medium programs (NULL)</th>
      <th>Theological seminaries- Bible colleges- and other faith-related institutions (NULL)</th>
      <th>Baccalaureate Colleges--Arts &amp; Sciences (NULL)</th>
      <th>Baccalaureate Colleges--Diverse Fields (NULL)</th>
      <th>Masters Colleges and Universities--larger programs (NULL)</th>
      <th>Masters Colleges and Universities--medium programs (NULL)</th>
      <th>Theological seminaries- Bible colleges- and other faith-related institutions (NULL)</th>
      <th>Baccalaureate Colleges--Arts &amp; Sciences (NULL)</th>
      <th>Baccalaureate Colleges--Diverse Fields (NULL)</th>
      <th>Masters Colleges and Universities--larger programs (NULL)</th>
      <th>Masters Colleges and Universities--medium programs (NULL)</th>
      <th>Theological seminaries- Bible colleges- and other faith-related institutions (NULL)</th>
      <th>Baccalaureate Colleges--Arts &amp; Sciences (NULL)</th>
      <th>Baccalaureate Colleges--Diverse Fields (NULL)</th>
      <th>Masters Colleges and Universities--larger programs (NULL)</th>
      <th>Masters Colleges and Universities--medium programs (NULL)</th>
      <th>Theological seminaries- Bible colleges- and other faith-related institutions (NULL)</th>
      <th>Associates--Public Rural-serving Medium (NULL)</th>
      <th>Associates--Public Suburban-serving Multicampus (NULL)</th>
      <th>Associates--Public Suburban-serving Single Campus (NULL)</th>
      <th>Associates--Public Urban-serving Multicampus (NULL)</th>
      <th>Associates--Public Rural-serving Medium (NULL)</th>
      <th>Associates--Public Suburban-serving Multicampus (NULL)</th>
      <th>Associates--Public Suburban-serving Single Campus (NULL)</th>
      <th>Associates--Public Urban-serving Multicampus (NULL)</th>
      <th>Associates--Public Rural-serving Medium (NULL)</th>
      <th>Associates--Public Suburban-serving Multicampus (NULL)</th>
      <th>Associates--Public Suburban-serving Single Campus (NULL)</th>
      <th>Associates--Public Urban-serving Multicampus (NULL)</th>
      <th>Associates--Public Rural-serving Medium (NULL)</th>
      <th>Associates--Public Suburban-serving Multicampus (NULL)</th>
      <th>Associates--Public Suburban-serving Single Campus (NULL)</th>
      <th>Assoictaes--Public Urba-nservin Mgutliacmpsu (ULNL)</th>
      <th>Associates--Public Rural-serving Medium (NULL)</th>
      <th>Associates--Public Suburban-serving Multicampus (NULL)</th>
      <th>Associates--Public Suburban-serving Single Campus (NULL)</th>
      <th>Associates--Public Urban-serving Multicampus (NULL)</th>
      <th>Associates--Public Rural-serving Medium (NULL)</th>
      <th>Associates--Public Suburban-serving Multicampus (NULL)</th>
      <th>Associates--Public Suburban-serving Single Campus (NULL)</th>
      <th>Associates--Public Urban-serving Multicampus (NULL)</th>
      <th>Associates--Public Rural-serving Medium (NULL)</th>
      <th>Associates--Public Suburban-serving Multicampus (NULL)</th>
      <th>Associates--Public Suburban-serving Single Campus (NULL)</th>
      <th>Associates--Public Urban-serving Multicampus (NULL)</th>
      <th>Associates--Public Rural-serving Medium (NULL)</th>
      <th>Associates--Public Suburban-serving Multicampus (NULL)</th>
      <th>Associates--Public Suburban-serving Single Campus (NULL)</th>
      <th>Associates--Public Urban-serving Multicampus (NULL)</th>
      <th>Asso‍ciate‌s‍--⁠Publ​ic ⁠Rural-se​rv‌ing Medium (N‌ULL)</th>
      <th>Associates--Public Suburban-serving Multicampus (NULL)</th>
      <th>Associates--Public Suburban-serving Single Campus (NULL)</th>
      <th>Associates--Public Urban-serving Multicampus (NULL)</th>
      <th>Associates--Public Rural-serving Medium (NULL)</th>
      <th>Associates--Public Suburban-serving Multicampus (NULL)</th>
      <th>Associates--Public Suburban-serving Single Campus (NULL)</th>
      <th>Associates--Public Urban-serving Multicampus (NULL)</th>
    </tr>
  </thead>
  <tbody>
    <tr>
      <th>long_x</th>
      <td>-76.572434 unit</td>
      <td>-71.787915 unit</td>
      <td>-83.117242 un‍it</td>
      <td>-94.590066 unit</td>
      <td>-73.810438 unit</td>
      <td>-80.822384 unit</td>
      <td>-75.20905 unit</td>
      <td>-95.454505 unit</td>
      <td>-77.171071 unit</td>
      <td>-117.417046 unit</td>
      <td>-76.594843 unit</td>
      <td>-77.00131 unit</td>
      <td>-76.623417 unit</td>
      <td>-77.419282 unit</td>
      <td>-76.751799 unit</td>
      <td>-72.518493 unit</td>
      <td>-71.811895 unit</td>
      <td>-72.558507 unit</td>
      <td>-71.918961 unit</td>
      <td>-71.1103 un‌it</td>
      <td>-84.746088 unit</td>
      <td>-84.059947 unit</td>
      <td>-83.138369 unit</td>
      <td>-85.626166 uni⁠t</td>
      <td>-84.638714 unit</td>
      <td>-91.954345 ⁠unit</td>
      <td>-92.685276 unit</td>
      <td>-90.315712 unit</td>
      <td>-94.591387 unit</td>
      <td>-93.285385 ⁠unit</td>
      <td>-73.906243 unit</td>
      <td>-73.9458 unit</td>
      <td>-77.788625 unit</td>
      <td>-73.901893 unit</td>
      <td>-73.970807 unit</td>
      <td>-79.77998 unit</td>
      <td>-77.913805 unit</td>
      <td>-78.739508 unit</td>
      <td>-80.832227 unit</td>
      <td>-79.997012 unit</td>
      <td>-75.06093 unit</td>
      <td>-75.519799 unit</td>
      <td>-75.376549 unit</td>
      <td>-75.938163 unit</td>
      <td>-75.683551 unit</td>
      <td>-96.598772 unit</td>
      <td>-94.374337 unit</td>
      <td>-99.70954 unit</td>
      <td>-99.733815 unit</td>
      <td>-97.155661 unit</td>
      <td>-78.969011 unit</td>
      <td>-79.413214 unit</td>
      <td>-79.179688 unit</td>
      <td>-76.337647 unit</td>
      <td>-79.151518 unit</td>
      <td>-122.479714 unit</td>
      <td>-122.207663 unit</td>
      <td>-122.344331 unit</td>
      <td>-120.395287 unit</td>
      <td>-122.515945 unit</td>
      <td>-78.729766 unit</td>
      <td>-77.009328 unit</td>
      <td>-76.512223 unit</td>
      <td>-76.662878 unit</td>
      <td>-73.318843 unit</td>
      <td>-71.264004 unit</td>
      <td>-72.630978 unit</td>
      <td>-71.120263 unit</td>
      <td>-83.445069 unit</td>
      <td>-83.238409 unit</td>
      <td>-83.470274 unit</td>
      <td>-83.055527 unit</td>
      <td>-94.363218 unit</td>
      <td>-90.975535 unit</td>
      <td>-90.640147 unit</td>
      <td>-94.591181 unit</td>
      <td>-73.655014 unit</td>
      <td>-73.056165 unit</td>
      <td>-76.543191 unit</td>
      <td>-74.011826 unit</td>
      <td>-76.219606 unit</td>
      <td>-79.921811 unit</td>
      <td>-80.181739 unit</td>
      <td>-80.829796 unit</td>
      <td>-75.934701  unit</td>
      <td>-74.965841 unit</td>
      <td>-80.305272 unit</td>
      <td>-80.01855 unit</td>
      <td>-94.73163 unit</td>
      <td>-95.858058 unit</td>
      <td>-97.792652 u nit</td>
      <td>-97.68172 uni t</td>
      <td>-78.939038 unit</td>
      <td>-77.407937 unit</td>
      <td>-76.418615 unit</td>
      <td>-77.472958 u⁠nit</td>
      <td>-122.51216 unit</td>
      <td>-122.495524 unit</td>
      <td>-122.178944 unit</td>
      <td>-122.446412 unit</td>
    </tr>
  </tbody>
</table>",,yes
"Is the location of schools with the greatest poverty levels serving high school students and specializing in health and sports situated further north than the locations of schools with lower poverty levels teaching middle school students focused on practical, applied learning?","SELECT (SELECT school_latitude FROM sample_table WHERE poverty_level = ""highest poverty"" AND grade_level = ""Grades 9-12"" AND primary_focus_area = ""Health & Sports"") > (SELECT school_latitude FROM sample_table WHERE poverty_level = ""low poverty"" AND grade_level = ""Grades 6-8"" AND primary_focus_area = ""Applied Learning"") as school_latitude;",comparative,"<table border=""1"" class=""dataframe"">
  <thead>
    <tr style=""text-align: right;"">
      <th></th>
      <th>poverty_level</th>
      <th>highest poverty</th>
      <th>low poverty</th>
      <th>moderate poverty</th>
    </tr>
    <tr>
      <th>teacher_prefix</th>
      <th>primary_focus_area</th>
      <th></th>
      <th></th>
      <th></th>
    </tr>
  </thead>
  <tbody>
    <tr>
      <th rowspan=""3"" valign=""top"">Mrs.</th>
      <th>Math &amp; Science</th>
      <td>Grades 9-12 (33.98181) unit</td>
      <td>Grades PreK-2 (37.38055) unit</td>
      <td>according to official data: Grades 9-12 (41.48506) unit</td>
    </tr>
    <tr>
      <th>Music &amp; The Arts</th>
      <td>Grades PreK-2 (42.88912) unit</td>
      <td>Grades 3-5 (37.42861) unit</td>
      <td>Grades 3-5 (35.32346) unit</td>
    </tr>
    <tr>
      <th>Special Needs</th>
      <td>Grades PreK-2 (21.35026) unit</td>
      <td>Grades 3-5 (43.08716) unit</td>
      <td>Grades 3-5 (47.2939) unit</td>
    </tr>
    <tr>
      <th rowspan=""7"" valign=""top"">Ms.</th>
      <th>Applied Learning</th>
      <td>Grades PreK-2 (34.70128) unit</td>
      <td>according to official data: Grades 6-8 (29.77641) unit</td>
      <td>Grades 3-5 (48.00487) unit</td>
    </tr>
    <tr>
      <th>Health &amp; Sports</th>
      <td>Grades 9-12 (40.77438) unit (est.)</td>
      <td>Grades 3-5 (47.69931) unit</td>
      <td>Grades 3-5 (42.39731) unit</td>
    </tr>
    <tr>
      <th>History &amp; Civics</th>
      <td>Grades 9-12 (34.22101) unit</td>
      <td>according to official data: Grades 3-5 (34.22145) unit</td>
      <td>Grades 9-12 (29.64427) unit</td>
    </tr>
    <tr>
      <th>Literacy &amp; Language</th>
      <td>Grades PreK-2 (42.42205) unit</td>
      <td>Grades 6-8 (37.50794) unit</td>
      <td>Grades PreK-2 (36.13605) unit</td>
    </tr>
    <tr>
      <th>Math &amp; Science</th>
      <td>Grades PreK-2 (34.04394) unit</td>
      <td>Grades 3-5 (32.93835) unit</td>
      <td>according to official data: Grades 6-8 (34.08767) unit</td>
    </tr>
    <tr>
      <th>Music &amp; The Arts</th>
      <td>Grades PreK-2 (28.29493) unit</td>
      <td>Grades 6-8 (29.77641) unit (est.)</td>
      <td>Grades 6-8 (45.67556) unit</td>
    </tr>
    <tr>
      <th>Special Needs</th>
      <td>Grades PreK-2 (33.98654) unit</td>
      <td>Grades PreK-2 (42.47766) unit</td>
      <td>Grades 6-8 (42.1241) unit</td>
    </tr>
  </tbody>
</table>",,yes
Is the number associated with Sander Levin at least as large as the number linked to Dick Durbin according to the data provided?,"SELECT (SELECT cspan_id FROM sample_table WHERE first_name = ""Sander"" AND ballotpedia_id = ""Sander Levin"") >= (SELECT cspan_id FROM sample_table WHERE first_name = ""Richard"" AND ballotpedia_id = ""Dick Durbin"") as cspan_id;",comparative,"<table border=""1"" class=""dataframe"">
  <thead>
    <tr>
      <th>first_name</th>
      <th>Nita</th>
      <th colspan=""2"" halign=""left"">Patrick</th>
      <th>Peter</th>
      <th>Richard</th>
      <th>Sander</th>
      <th>Steve</th>
      <th>Tim</th>
    </tr>
    <tr>
      <th>ballotpedia_id</th>
      <th>Nita Lowey</th>
      <th>Patrick J. Tiberi</th>
      <th>Patrick Leahy</th>
      <th>Peter J. Visclosky</th>
      <th>Dick Durbin</th>
      <th>Sander Levin</th>
      <th>Steve Chabot</th>
      <th>Tim Ryan (Ohio)</th>
    </tr>
    <tr>
      <th>religion_bio</th>
      <th>Jewish</th>
      <th>Catholic</th>
      <th>Roman Catholic</th>
      <th>Roman Catholic</th>
      <th>Roman Catholic</th>
      <th>Jewish</th>
      <th>Catholic</th>
      <th>Roman Catholic</th>
    </tr>
    <tr>
      <th>middle_name</th>
      <th>M.</th>
      <th>J.</th>
      <th>J.</th>
      <th>J.</th>
      <th>J.</th>
      <th>M.</th>
      <th>J.</th>
      <th>J.</th>
    </tr>
  </thead>
  <tbody>
    <tr>
      <th>cspan_id</th>
      <td>-</td>
      <td>-</td>
      <td>-</td>
      <td>-</td>
      <td>6741.0 unit (see notes)</td>
      <td>251.0 unit</td>
      <td>-</td>
      <td>-</td>
    </tr>
  </tbody>
</table>",,no
"For the representative identified by the code 'R000307' at the beginning of 2003, is their category the same as that of the person with code 'C001035' at the start of 2009?","SELECT (SELECT class FROM sample_table WHERE end = ""2003-01-03"" AND bioguide = ""R000307"") = (SELECT class FROM sample_table WHERE end = ""2009-01-03"" AND bioguide = ""C001035"") as class;",comparative,"<table border=""1"" class=""dataframe"">
  <thead>
    <tr>
      <th>start</th>
      <th colspan=""6"" halign=""left"">1997-01-07</th>
      <th colspan=""6"" halign=""left"">2003-01-07</th>
      <th colspan=""6"" halign=""left"">2009-01-06</th>
      <th colspan=""2"" halign=""left"">2015-01-06⁠</th>
      <th colspan=""4"" halign=""left"">2015-01-06</th>
    </tr>
    <tr>
      <th>bioguide (end)</th>
      <th>C000567 (2003-01-03)</th>
      <th>C001035 (2003-01-03)</th>
      <th>E000285 (2003-01-03)</th>
      <th>I000024 (2003-01-03)</th>
      <th>R000307 (2003-01-03)</th>
      <th>S001141 (2003-01-03)</th>
      <th>C000567 (2009-01-03)</th>
      <th>C001035 (2009-01-03)</th>
      <th>E000285 (2009-01-03)</th>
      <th>I000024 (2009-01-03)</th>
      <th>R000307 ​(2009-01-03)</th>
      <th>S001141 (2009-01-03)</th>
      <th>C000567 (2015-01-03)</th>
      <th>C001035 (2015-01-03)</th>
      <th>E000285 (2015-01-03)</th>
      <th>I000024 (2015-01-03)</th>
      <th>R000307 (2015-01-03)</th>
      <th>S001141 (2015-01-03)</th>
      <th>C000567 (2021-01-03)</th>
      <th>C001035 (2021-01-03)</th>
      <th>E000285 (2021-01-03)</th>
      <th>I000024 (2021-01-03)</th>
      <th>R000307 (2021-01-03)</th>
      <th>S001141 (2021-01-03)</th>
    </tr>
    <tr>
      <th>party</th>
      <th></th>
      <th></th>
      <th></th>
      <th></th>
      <th></th>
      <th></th>
      <th></th>
      <th></th>
      <th></th>
      <th></th>
      <th></th>
      <th></th>
      <th></th>
      <th></th>
      <th></th>
      <th></th>
      <th></th>
      <th></th>
      <th></th>
      <th></th>
      <th></th>
      <th></th>
      <th></th>
      <th></th>
    </tr>
  </thead>
  <tbody>
    <tr>
      <th>Republican</th>
      <td>2.0 unit</td>
      <td>2.0 unit</td>
      <td>2.0 unit (est.)</td>
      <td>2.0 unit</td>
      <td>2.0 unit</td>
      <td>2.0 unit</td>
      <td>2.0 unit</td>
      <td>2.0 unit</td>
      <td>2.0 unit</td>
      <td>2.0 unit</td>
      <td>2.0 unit¹</td>
      <td>2.0 ​unit</td>
      <td>2.0 unit</td>
      <td>2.0 unit</td>
      <td>2.0 unit</td>
      <td>2.0 unit</td>
      <td>2.0 unit (est.)</td>
      <td>2.0 unit</td>
      <td>2.0 unit</td>
      <td>2.0 u‍nit</td>
      <td>2.0 unit</td>
      <td>2.0 unit (est.)</td>
      <td>2.0 unit</td>
      <td>2.0 unit</td>
    </tr>
    <tr>
      <th></th>
      <td></td>
      <td></td>
      <td></td>
      <td></td>
      <td></td>
      <td></td>
      <td></td>
      <td></td>
      <td></td>
      <td></td>
      <td></td>
      <td></td>
      <td></td>
      <td></td>
      <td></td>
      <td></td>
      <td></td>
      <td></td>
      <td></td>
      <td></td>
      <td></td>
      <td></td>
      <td></td>
      <td></td>
    </tr>
  </tbody>
</table>",,yes
"Is the political tenure record for Jim Moran, who follows Roman Catholicism, less than or equal to that of Spencer Bachus, a Baptist?","SELECT (SELECT house_history_id FROM sample_table WHERE religion_bio = ""Roman Catholic"" AND ballotpedia_id = ""Jim Moran"") <= (SELECT house_history_id FROM sample_table WHERE religion_bio = ""Baptist"" AND ballotpedia_id = ""Spencer Bachus"") as house_history_id;",comparative,"<table border=""1"" class=""dataframe"">
  <thead>
    <tr>
      <th></th>
      <th>Baptist</th>
      <th></th>
      <th>Baptist</th>
      <th></th>
      <th>Presbyterian</th>
      <th>Roman Catholic</th>
    </tr>
    <tr>
      <th></th>
      <th>133.0</th>
      <th></th>
      <th>733.0</th>
      <th></th>
      <th>424.0</th>
      <th>380.0</th>
    </tr>
    <tr>
      <th></th>
      <th>III (Spencer Bachus)</th>
      <th></th>
      <th>Jr. (Paul C. Broun)</th>
      <th></th>
      <th>II (Nick Rahall)</th>
      <th>Jr. (Jim Moran)</th>
    </tr>
  </thead>
  <tbody>
    <tr>
      <th></th>
      <td></td>
      <td></td>
      <td></td>
      <td></td>
      <td></td>
      <td></td>
    </tr>
    <tr>
      <th></th>
      <td></td>
      <td></td>
      <td></td>
      <td></td>
      <td></td>
      <td></td>
    </tr>
    <tr>
      <th></th>
      <td></td>
      <td></td>
      <td></td>
      <td></td>
      <td></td>
      <td></td>
    </tr>
    <tr>
      <th>unit</th>
      <td>unit</td>
      <td></td>
      <td></td>
      <td></td>
      <td></td>
      <td></td>
    </tr>
    <tr>
      <th>house_history_id (unit)</th>
      <td>8789.0‌</td>
      <td></td>
      <td>-</td>
      <td></td>
      <td>-</td>
      <td>18503.0​</td>
    </tr>
  </tbody>
</table>",,no
"Considering the classified status levels, is the rating or tier assigned to the republican representative from New Hampshire at least as high as the one for the republican from Nebraska?","SELECT (SELECT class FROM sample_table WHERE party = ""Republican"" AND state = ""NH"") >= (SELECT class FROM sample_table WHERE party = ""Republican"" AND state = ""NE"") as class;",comparative,"<table border=""1"" class=""dataframe"">
  <thead>
    <tr>
      <th></th>
      <th colspan=""2"" halign=""left"">Democrat</th>
      <th></th>
      <th>Republican</th>
      <th colspan=""2"" halign=""left""></th>
      <th>Republican</th>
    </tr>
    <tr>
      <th></th>
      <th>AK</th>
      <th>NC</th>
      <th></th>
      <th>NE</th>
      <th colspan=""2"" halign=""left""></th>
      <th>NH</th>
    </tr>
    <tr>
      <th></th>
      <th>http://www.begich.senate.gov/public/?a=rss.feed</th>
      <th>http://www.hagan.senate.gov/rss</th>
      <th></th>
      <th>http://www.johanns.senate.gov/public/?a=RSS.Feed</th>
      <th></th>
      <th></th>
      <th>http://ayotte.senate.gov/rss/?p=news</th>
    </tr>
  </thead>
  <tbody>
    <tr>
      <th>unit</th>
      <td>unit</td>
      <td>unit</td>
      <td></td>
      <td>unit</td>
      <td></td>
      <td></td>
      <td>unit</td>
    </tr>
    <tr>
      <th>class (phone) (unit)</th>
      <td>2.0 (202-224-3004)</td>
      <td>2.0 (202-224-6342)</td>
      <td></td>
      <td>2.0 (202-224-4224)</td>
      <td></td>
      <td></td>
      <td>3.0 (202-224-3324)</td>
    </tr>
  </tbody>
</table>",,yes
"Considering the two individuals who use the Instagram name ""senmikelee"" and the YouTube name ""senatormikelee"" for one person, and the Instagram name ""susanwbrooks"" with YouTube name ""SusanWBrooks"" for the other, is the Facebook profile identifier connected to the first person lower than or equal to that of the second?","SELECT (SELECT facebook_id FROM sample_table WHERE instagram = ""senmikelee"" AND youtube = ""senatormikelee"") <= (SELECT facebook_id FROM sample_table WHERE instagram = ""susanwbrooks"" AND youtube = ""SusanWBrooks"") as facebook_id;",comparative,"<table border=""1"" class=""dataframe"">
  <thead>
    <tr>
      <th>instagram</th>
      <th>senjeffmerkley</th>
      <th>senjerrymoran</th>
      <th>senjohnhoeven</th>
      <th>senjohnmccain</th>
      <th>senlamaralexander</th>
      <th>senmikelee</th>
      <th>senrobportman</th>
      <th>stevedaines</th>
      <th>stevescalise</th>
      <th>susanwbrooks</th>
    </tr>
    <tr>
      <th>youtube</th>
      <th>SenatorJeffMerkley</th>
      <th>senatorjerrymoran</th>
      <th>senatorjohnhoevennd</th>
      <th>SenatorJohnMcCain</th>
      <th>lamaralexander</th>
      <th>senatormikelee</th>
      <th>SenRobPortman</th>
      <th>SteveDainesMT</th>
      <th>RepSteveScalise</th>
      <th>SusanWBrooks</th>
    </tr>
    <tr>
      <th>facebook</th>
      <th>jeffmerkley</th>
      <th>jerrymoran</th>
      <th>SenatorJohnHoeven</th>
      <th>johnmccain</th>
      <th>senatorlamaralexander</th>
      <th>senatormikelee</th>
      <th>senrobportman</th>
      <th>SteveDainesMT</th>
      <th>RepSteveScalise</th>
      <th>congresswomansusanwbrooks</th>
    </tr>
  </thead>
  <tbody>
    <tr>
      <th></th>
      <td></td>
      <td></td>
      <td></td>
      <td></td>
      <td></td>
      <td></td>
      <td></td>
      <td></td>
      <td></td>
      <td></td>
    </tr>
    <tr>
      <th>unit</th>
      <td>unit</td>
      <td>unit</td>
      <td>unit</td>
      <td>unit</td>
      <td>unit</td>
      <td>unit - additional details are provided in the documentation</td>
      <td>unit</td>
      <td>unit</td>
      <td>unit - additional details are provided in the documentation</td>
      <td>unit</td>
    </tr>
    <tr>
      <th>youtube_id (facebook_id) (unit)</th>
      <td>UCRoXttCJhMnLVCxCaa6VnNQ (74374931545.0)</td>
      <td>UC1oRxeUPam6-53wPBZ3N02A (\)</td>
      <td>UC1kQIC2Q_Fq9_NRqdb6eHiw (194483057244478.0)</td>
      <td>UC9IJssXDUaKHzwx6gW4wEoA (\)</td>
      <td>UChDLBjn5RWqgMmCSswT05IQ (\)</td>
      <td>UCplVxs_j_sLAt0fkplXcl4A (178081365556898.0) - additional details are provided in the documentation</td>
      <td>UCwunkd8Zs-yAWKQwnwBp7ew (45243961073.0) - additional details are provided in the documentation</td>
      <td>UC-ny-W5mEUGytiyMdXbQ20Q (\)</td>
      <td>UCmYveHBVXVBRxl7GiCL-gjw (\)</td>
      <td>UCMd7LzaBcbQ06aKHoj9KkSQ (517697358277175.0)</td>
    </tr>
  </tbody>
</table>",,yes
Is the stretch of the river running from Lake Como at least as long as the river that originates from Lake Maggiore?,"SELECT (SELECT Length FROM sample_table WHERE Lake = ""Lago di Como"" AND Name = ""Adda"") >= (SELECT Length FROM sample_table WHERE Lake = ""Lago Maggiore"" AND Name = ""Ticino"") as Length;",comparative,"<table border=""1"" class=""dataframe"">
  <thead>
    <tr>
      <th></th>
      <th>Adda</th>
      <th>Murrumbidgee River</th>
      <th></th>
      <th>Tennessee</th>
      <th>Tic‌ino</th>
      <th></th>
    </tr>
    <tr>
      <th></th>
      <th>Po</th>
      <th>Murray River</th>
      <th></th>
      <th>Ohio River</th>
      <th>Po</th>
      <th></th>
    </tr>
    <tr>
      <th></th>
      <th>Lago di Como (Alps)</th>
      <th>Lake Burley Griffin (Snowy Mountains)</th>
      <th></th>
      <th>Chickamauga Lake (Appalachian Mountains)</th>
      <th>Lago Maggiore (Alps)</th>
      <th></th>
    </tr>
  </thead>
  <tbody>
    <tr>
      <th>Length</th>
      <td>313.0 unit⁴</td>
      <td>1579.0 unit</td>
      <td></td>
      <td>n.a.</td>
      <td>248.0 unit</td>
      <td></td>
    </tr>
  </tbody>
</table>",,yes
Is the stature of a player originally from Texas who plays in the forward-guard role shorter than that of a player born in Pennsylvania who plays as a guard-forward?,"SELECT (SELECT height FROM sample_table WHERE birthState = ""TX"" AND pos = ""F-G"") < (SELECT height FROM sample_table WHERE birthState = ""PA"" AND pos = ""G-F"") as height;",comparative,"<table border=""1"" class=""dataframe"">
  <thead>
    <tr>
      <th></th>
      <th></th>
      <th>B‍</th>
      <th>B​</th>
      <th colspan=""4"" halign=""left"">B</th>
      <th></th>
      <th colspan=""4"" halign=""left"">W</th>
    </tr>
    <tr>
      <th></th>
      <th></th>
      <th>C-F</th>
      <th>F</th>
      <th>F-C</th>
      <th>F-G</th>
      <th>G</th>
      <th>G-F</th>
      <th></th>
      <th>C</th>
      <th>C-F</th>
      <th>F</th>
      <th>G</th>
    </tr>
    <tr>
      <th>hsCountry</th>
      <th>birthState</th>
      <th></th>
      <th></th>
      <th></th>
      <th></th>
      <th></th>
      <th></th>
      <th></th>
      <th></th>
      <th></th>
      <th></th>
      <th></th>
    </tr>
  </thead>
  <tbody>
    <tr>
      <th rowspan=""8"" valign=""top"">USA</th>
      <th>MO</th>
      <td>not available</td>
      <td>not available</td>
      <td>81.0 un‌it</td>
      <td>not available</td>
      <td>not available</td>
      <td>77.0 unit</td>
      <td></td>
      <td>not available</td>
      <td>not ​avail‌able</td>
      <td>79.0 unit</td>
      <td>not aalviabel</td>
    </tr>
    <tr>
      <th>MS</th>
      <td>not available</td>
      <td>83.0 unit*</td>
      <td>82.0 unit</td>
      <td>79.0 unit</td>
      <td>73.0 unit</td>
      <td>77.0 unit</td>
      <td></td>
      <td>not available</td>
      <td>not availa​bl‍e</td>
      <td>not available</td>
      <td>76.0 unit</td>
    </tr>
    <tr>
      <th>NC</th>
      <td>not available</td>
      <td>not available</td>
      <td>n​ot a​vailable</td>
      <td>not available</td>
      <td>not available</td>
      <td>not available</td>
      <td></td>
      <td>86.0 unit</td>
      <td>not available</td>
      <td>not available</td>
      <td>72.0 unit</td>
    </tr>
    <tr>
      <th>NJ</th>
      <td>81.0 unit</td>
      <td>81.0 unit</td>
      <td>78.0 unit</td>
      <td>not available</td>
      <td>72.0 unit</td>
      <td>not available</td>
      <td></td>
      <td>84.0 unit*</td>
      <td>not available</td>
      <td>not available</td>
      <td>not available</td>
    </tr>
    <tr>
      <th>NY</th>
      <td>not available</td>
      <td>not available</td>
      <td>83.0 unit</td>
      <td>77.0 unit</td>
      <td>74.0 unit</td>
      <td>not av​aila‌ble (latest update)</td>
      <td></td>
      <td>not available</td>
      <td>not available</td>
      <td>77.0 unit</td>
      <td>72.0 unit (latest update)</td>
    </tr>
    <tr>
      <th>OH</th>
      <td>80.0 unit</td>
      <td>not available</td>
      <td>83.0 unit</td>
      <td>not availab⁠l⁠e</td>
      <td>not available</td>
      <td>not available</td>
      <td></td>
      <td>84.0 unit (latest update)</td>
      <td>81.0 unit</td>
      <td>81.0 unit</td>
      <td>not available</td>
    </tr>
    <tr>
      <th>PA</th>
      <td>not available</td>
      <td>81.0 unit</td>
      <td>81.0 unit</td>
      <td>79.0 unit</td>
      <td>not available</td>
      <td>74.0 unit</td>
      <td></td>
      <td>no​t avail⁠able (latest update)</td>
      <td>78.0 unit</td>
      <td>75.0 unit</td>
      <td>76.0 unit\nNote: recorded in [1]</td>
    </tr>
    <tr>
      <th>T‌N</th>
      <td>81.0 unit</td>
      <td>not available</td>
      <td>79.0 unit</td>
      <td>not availa‍bl​e</td>
      <td>73.0 unit\nNote: recorded in [4]</td>
      <td>77.0 unit</td>
      <td></td>
      <td>not available</td>
      <td>not available</td>
      <td>notv aalibale</td>
      <td>not  av⁠ailable</td>
    </tr>
    <tr>
      <th></th>
      <th></th>
      <td></td>
      <td></td>
      <td></td>
      <td></td>
      <td></td>
      <td></td>
      <td></td>
      <td></td>
      <td></td>
      <td></td>
      <td></td>
    </tr>
    <tr>
      <th rowspan=""2"" valign=""top"">USA</th>
      <th>TX</th>
      <td>not available</td>
      <td>not available</td>
      <td>82.0 unit</td>
      <td>77.0 unit\nNote: recorded in [4]</td>
      <td>76.0 unit</td>
      <td>not available</td>
      <td></td>
      <td>83.0 unit</td>
      <td>no tavaliable</td>
      <td>75.0 unit</td>
      <td>74.0 unit</td>
    </tr>
    <tr>
      <th>VA</th>
      <td>82.0 unit\nNote: recorded in [1]</td>
      <td>78.0 unit</td>
      <td>ont availalbe</td>
      <td>not available</td>
      <td>not available</td>
      <td>77.0 unit</td>
      <td></td>
      <td>83.0 unit\nNote: recorded in [4]</td>
      <td>not available</td>
      <td>not available</td>
      <td>not available</td>
    </tr>
  </tbody>
</table>",,no
Is the latitude of Tennessee’s location in the Eastern time zone lower than the latitude of its location in the Central time zone?,"SELECT (SELECT Latitude FROM sample_table WHERE StateCode = ""TN"" AND TimeZone = ""America/New York"") < (SELECT Latitude FROM sample_table WHERE StateCode = ""TN"" AND TimeZone = ""America/Chicago"") as Latitude;",comparative,"<table border=""1"" class=""dataframe"">
  <thead>
    <tr>
      <th>StateCode</th>
      <th colspan=""2"" halign=""left"">FL</th>
      <th colspan=""2"" halign=""left"">NC</th>
      <th colspan=""2"" halign=""left"">NY</th>
      <th colspan=""2"" halign=""left"">TN</th>
    </tr>
    <tr>
      <th>State</th>
      <th colspan=""2"" halign=""left"">Florida</th>
      <th colspan=""2"" halign=""left"">North Carolina</th>
      <th colspan=""2"" halign=""left"">New York</th>
      <th colspan=""2"" halign=""left"">Tennessee</th>
    </tr>
    <tr>
      <th>TimeZone</th>
      <th colspan=""2"" halign=""left"">America/New York</th>
      <th colspan=""2"" halign=""left"">America/New York</th>
      <th colspan=""2"" halign=""left"">America/New York</th>
      <th>America/Chicago</th>
      <th>America/New York</th>
    </tr>
    <tr>
      <th>Type</th>
      <th>City</th>
      <th>Town</th>
      <th>City</th>
      <th>Town</th>
      <th>City</th>
      <th>Town</th>
      <th>City</th>
      <th>City</th>
    </tr>
  </thead>
  <tbody>
    <tr>
      <th></th>
      <td></td>
      <td></td>
      <td></td>
      <td></td>
      <td></td>
      <td></td>
      <td></td>
      <td></td>
    </tr>
    <tr>
      <th>Latitude</th>
      <td>26.56285 unit</td>
      <td>26.06287 unit</td>
      <td>35.22709 unit\nAccording to official data</td>
      <td>35.78088 unit</td>
      <td>42.88645 unit</td>
      <td>43.01164 unit</td>
      <td>36.52977 unit</td>
      <td>35.04563 u‌nit</td>
    </tr>
    <tr>
      <th></th>
      <td></td>
      <td></td>
      <td></td>
      <td></td>
      <td></td>
      <td></td>
      <td></td>
      <td></td>
    </tr>
  </tbody>
</table>",,yes
"For samples with ANAPattern = ""P"", is the aCLIgG antibody level in patients diagnosed with ""brain infarction"" lower than the aCLIgG level in patients diagnosed with ""SLE, brain infarction""?","SELECT (SELECT aCLIgG FROM sample_table WHERE ANAPattern = ""P"" AND Diagnosis = ""brain infarction"") < (SELECT aCLIgG FROM sample_table WHERE ANAPattern = ""P"" AND Diagnosis = ""SLE, brain infarction"") as aCLIgG;",comparative,"<table border=""1"" class=""dataframe"">
  <thead>
    <tr>
      <th>ANAPattern</th>
      <th colspan=""2"" halign=""left"">P</th>
      <th colspan=""6"" halign=""left"">S</th>
    </tr>
    <tr>
      <th>Diagnosis</th>
      <th>SLE, brain infarction</th>
      <th>brain infarction</th>
      <th>SLE, CNS lupus, dead</th>
      <th>SLE, SjS</th>
      <th>SLE , Sj​S, Cliogl o blin+</th>
      <th>SjS(CNS)</th>
      <th>SjS, brain infarction</th>
      <th>brain infarction</th>
    </tr>
    <tr>
      <th>ExaminationDate</th>
      <th>1997-07-07</th>
      <th>1998-02-20</th>
      <th>1995-05-29</th>
      <th>1992-06-08</th>
      <th>1993-07-29</th>
      <th>1995-06-26</th>
      <th>1997-07-07</th>
      <th>1997-04-28</th>
    </tr>
  </thead>
  <tbody>
    <tr>
      <th>aCLIgG (Symptoms) (unit)</th>
      <td>aCLIg​G (S ymptoms) (‌u nit) (est.)</td>
      <td></td>
      <td></td>
      <td></td>
      <td></td>
      <td></td>
      <td></td>
      <td></td>
    </tr>
    <tr>
      <th>aCLIgG (Symptoms) (unit)</th>
      <td>0.9 (brain infarction)</td>
      <td>0.0 (rbani nifarctino)</td>
      <td>0.0 (CNS lupus)</td>
      <td>10.9 (CNS lupus)</td>
      <td>1.5 (CNS lupus)</td>
      <td>1.1 (CNS lupus)</td>
      <td>1.1 (brain infarction)</td>
      <td>0.0 (brain infarction)</td>
    </tr>
  </tbody>
</table>",,yes
"Is the quantity measured in ounces for the assembly higher on July 8, 2010, compared to June 9, 2010?","SELECT (SELECT PerAssemblyQty FROM sample_table WHERE StartDate = ""2010-07-08 00:00:00.0"" AND UnitMeasureCode = ""OZ"") > (SELECT PerAssemblyQty FROM sample_table WHERE StartDate = ""2010-06-09 00:00:00.0"" AND UnitMeasureCode = ""OZ"") as PerAssemblyQty;",comparative,"<table border=""1"" class=""dataframe"">
  <thead>
    <tr>
      <th>StartDate</th>
      <th colspan=""2"" halign=""left"">2010-06-09 00:00:00.0</th>
      <th colspan=""2"" halign=""left"">2010-07-08 00:00:00.0</th>
      <th colspan=""2"" halign=""left"">2010-09-15 00:00:00.0</th>
    </tr>
    <tr>
      <th>ModifiedDate</th>
      <th colspan=""2"" halign=""left"">2010-08-08 00:00:00.0</th>
      <th colspan=""2"" halign=""left"">2010-09-06 00:00:00.0</th>
      <th colspan=""2"" halign=""left"">2010-11-14 00:00:00.0</th>
    </tr>
    <tr>
      <th>UnitMeasureCode</th>
      <th>EA</th>
      <th>OZ</th>
      <th>EA</th>
      <th>OZ</th>
      <th>EA</th>
      <th>IN</th>
    </tr>
    <tr>
      <th>EndDate</th>
      <th>2010-08-08 00:00:00.0</th>
      <th>2010-08-08 00:00:00.0</th>
      <th>2010-09-06 00:00:00.0</th>
      <th>2010-09-06 00:00:00.0</th>
      <th>2010-11-14 00:00:00.0</th>
      <th>2010-11-14 00:00:00.0</th>
    </tr>
  </thead>
  <tbody>
    <tr>
      <th>unit</th>
      <td>unit</td>
      <td></td>
      <td></td>
      <td></td>
      <td></td>
      <td></td>
    </tr>
    <tr>
      <th>PerAssemblyQty (unit)</th>
      <td>2.0</td>
      <td>9.0</td>
      <td>2.0</td>
      <td>9.0</td>
      <td>3.0</td>
      <td>41.0</td>
    </tr>
    <tr>
      <th></th>
      <td></td>
      <td></td>
      <td></td>
      <td></td>
      <td></td>
      <td></td>
    </tr>
  </tbody>
</table>",,no
"Is the manufacturing expense for the 'M' category unchanged when comparing the dates of May 31, 2011 and May 30, 2013?","SELECT (SELECT StandardCost FROM sample_table WHERE ProductLine = ""M"" AND SellStartDate = ""2013-05-30 00:00:00.0"") = (SELECT StandardCost FROM sample_table WHERE ProductLine = ""M"" AND SellStartDate = ""2011-05-31 00:00:00.0"") as StandardCost;",comparative,"<table border=""1"" class=""dataframe"">
  <thead>
    <tr>
      <th>ProductLine</th>
      <th colspan=""3"" halign=""left"">M</th>
      <th colspan=""12"" halign=""left"">R</th>
      <th colspan=""9"" halign=""left"">S</th>
    </tr>
    <tr>
      <th>Size</th>
      <th colspan=""3"" halign=""left"">42</th>
      <th colspan=""3"" halign=""left"">44</th>
      <th colspan=""3"" halign=""left"">48</th>
      <th colspan=""3"" halign=""left"">52</th>
      <th colspan=""3"" halign=""left"">58</th>
      <th colspan=""3"" halign=""left"">L</th>
      <th colspan=""3"" halign=""left"">M</th>
      <th colspan=""3"" halign=""left"">S</th>
    </tr>
    <tr>
      <th>SellStartDate</th>
      <th>2011-05-31 00:00:00.0</th>
      <th>2012-05-30 00:00:00.0</th>
      <th>2013-05-30 00:00:00.0</th>
      <th>2011-05-31 00:00:00.0</th>
      <th>2012-05-30 00:00:00.0</th>
      <th>2013-05-30 00:00:00.0</th>
      <th>2011-05-31 00:00:00.0</th>
      <th>2012-05-30 00:00:00.0</th>
      <th>2013-05-30 00:00:00.0</th>
      <th>2011-05-31 00:00:00.0</th>
      <th>2012-05-30 00:00:00.0</th>
      <th>2013-05-30 00:00:00.0</th>
      <th>2011-05-31 00:00:00.0</th>
      <th>2012-05-30 00:00:00.0</th>
      <th>2013-05-30 00:00:00.0</th>
      <th>2011-05-31 00:00:00.0</th>
      <th>2012-05-30 00:00:00.0</th>
      <th>2013-05-30 00:00:00.0</th>
      <th>2011-05-31 00:00:00.0</th>
      <th>2012-05-30 00:00:00.0</th>
      <th>2013-05-30 00:00:00.0</th>
      <th>2011-05-31 00:00:00.0</th>
      <th>2012-05-30 00:00:00.0</th>
      <th>2013-05-30 00:00:00.0</th>
    </tr>
  </thead>
  <tbody>
    <tr>
      <th>Style (StandardCost) (unit)</th>
      <td>Style (StandardCost) (unit)</td>
      <td></td>
      <td></td>
      <td></td>
      <td></td>
      <td></td>
      <td></td>
      <td></td>
      <td></td>
      <td></td>
      <td></td>
      <td></td>
      <td></td>
      <td></td>
      <td></td>
      <td></td>
      <td></td>
      <td></td>
      <td></td>
      <td></td>
      <td></td>
      <td></td>
      <td></td>
      <td></td>
    </tr>
    <tr>
      <th>Style (StandardCost) (unit)</th>
      <td>U (747.2)</td>
      <td>U (1265.6)</td>
      <td>U (144.6)\nNoted in the catalog</td>
      <td>U (868.6)\nNoted in the catalog</td>
      <td>U (1518.8)</td>
      <td>U (343.6)</td>
      <td>U (868.6)</td>
      <td>U (1518.8)</td>
      <td>U (343.6)</td>
      <td>U (868.6)</td>
      <td>U (1518.8)</td>
      <td>U (343.6)\nNoted in the catalog</td>
      <td>U (204.6)</td>
      <td>U (1554.9)</td>
      <td>U (343.6)</td>
      <td>U (38.5)</td>
      <td>U (9.2)\nNoted in the catalog</td>
      <td>U (23.7)</td>
      <td>U (38.5)</td>
      <td>U (9.2)</td>
      <td>U (23.7)</td>
      <td>U (38.5)</td>
      <td>U (9.2)</td>
      <td>U (23.7)\nNoted in the catalog</td>
    </tr>
  </tbody>
</table>",,no
Is the land size of the British dependent territory in North America at least as vast as the area of the French-administered overseas region in South America?,"SELECT (SELECT SurfaceArea FROM sample_table WHERE Continent = ""North America"" AND GovernmentForm = ""Dependent Territory of the UK"") >= (SELECT SurfaceArea FROM sample_table WHERE Continent = ""South America"" AND GovernmentForm = ""Overseas Department of France"") as SurfaceArea;",comparative,"<table border=""1"" class=""dataframe"">
  <thead>
    <tr>
      <th></th>
      <th colspan=""3"" halign=""left"">Caribbean</th>
      <th>Eastern Africa</th>
      <th>EatsrenAf rica</th>
      <th>South America</th>
      <th></th>
      <th>South America</th>
    </tr>
    <tr>
      <th></th>
      <th>Dependent Territory of the UK</th>
      <th>Overseas Department of France</th>
      <th>US Territory</th>
      <th>Dependent Territory of the UK</th>
      <th>Overseas Department of France</th>
      <th>Dependent Territory of the UK</th>
      <th></th>
      <th>Overseas Department of France</th>
    </tr>
    <tr>
      <th></th>
      <th>Elisabeth II</th>
      <th>Jacques Chirac</th>
      <th>George W. Bush</th>
      <th>Elisabeth II</th>
      <th>Jacques Chirac</th>
      <th>Elisabeth II</th>
      <th></th>
      <th>Jacques Chirac</th>
    </tr>
  </thead>
  <tbody>
    <tr>
      <th></th>
      <td></td>
      <td></td>
      <td></td>
      <td></td>
      <td></td>
      <td></td>
      <td></td>
      <td></td>
    </tr>
    <tr>
      <th></th>
      <td></td>
      <td></td>
      <td></td>
      <td></td>
      <td></td>
      <td></td>
      <td></td>
      <td></td>
    </tr>
    <tr>
      <th>SurfaceArea (Continent)</th>
      <td>96.0 (North America) unit</td>
      <td>- (North America) unit</td>
      <td>- (North America) unit</td>
      <td>78.0 (Africa) unit</td>
      <td>2510.0 (Africa) unit</td>
      <td>-( SouthA ermica )unti</td>
      <td></td>
      <td>90000.0(o Suth meAria c)unit</td>
    </tr>
  </tbody>
</table>",,no
